Workbook

Sheet Dashboard
B1: Client and Lead Tracker
B2: Alder & Finch Co. sales pipeline (fictional sample data)
B4: Data as of | C4: 46300 | D4: Tip: type =TODAY() here for live use
B6: Key numbers | C6: Value
B7: Open pipeline (PHP) | C7: =SUMIFS(Leads!$G$5:$G$300,Leads!$F$5:$F$300,"<>Won",Leads!$F$5:$F$300,"<>Lost",Leads!$F$5:$F$300,"<>") -> 1828000
B8: Active deals | C8: =COUNTIFS(Leads!$F$5:$F$300,"<>Won",Leads!$F$5:$F$300,"<>Lost",Leads!$F$5:$F$300,"<>") -> 9
B9: Won value (PHP) | C9: =SUMIFS(Leads!$G$5:$G$300,Leads!$F$5:$F$300,"Won") -> 885000
B10: Follow-ups due this week | C10: =COUNTIFS(Leads!$L$5:$L$300,"Overdue")+COUNTIFS(Leads!$L$5:$L$300,"Due today")+COUNTIFS(Leads!$L$5:$L$300,"This week") -> 9
B11: Overdue follow-ups | C11: =COUNTIFS(Leads!$L$5:$L$300,"Overdue") -> 2
B12: Win rate | C12: =IFERROR(COUNTIFS(Leads!$F$5:$F$300,"Won")/(COUNTIFS(Leads!$F$5:$F$300,"Won")+COUNTIFS(Leads!$F$5:$F$300,"Lost")),0) -> 0.66666667
B15: Stage | C15: Deals | D15: Value (PHP)
B16: New | C16: =COUNTIFS(Leads!$F$5:$F$300,B16) -> 2 | D16: =SUMIFS(Leads!$G$5:$G$300,Leads!$F$5:$F$300,B16) -> 370000
B17: Contacted | C17: =COUNTIFS(Leads!$F$5:$F$300,B17) -> 3 | D17: =SUMIFS(Leads!$G$5:$G$300,Leads!$F$5:$F$300,B17) -> 383000
B18: Proposal | C18: =COUNTIFS(Leads!$F$5:$F$300,B18) -> 2 | D18: =SUMIFS(Leads!$G$5:$G$300,Leads!$F$5:$F$300,B18) -> 325000
B19: Negotiation | C19: =COUNTIFS(Leads!$F$5:$F$300,B19) -> 2 | D19: =SUMIFS(Leads!$G$5:$G$300,Leads!$F$5:$F$300,B19) -> 750000
B20: Won | C20: =COUNTIFS(Leads!$F$5:$F$300,B20) -> 2 | D20: =SUMIFS(Leads!$G$5:$G$300,Leads!$F$5:$F$300,B20) -> 885000
B21: Lost | C21: =COUNTIFS(Leads!$F$5:$F$300,B21) -> 1 | D21: =SUMIFS(Leads!$G$5:$G$300,Leads!$F$5:$F$300,B21) -> 60000
B22: Total | C22: =SUM(C16:C21) -> 12 | D22: =SUM(D16:D21) -> 2773000
B25: Owner | C25: Open deals | D25: Open value (PHP) | E25: Overdue
B26: Ivy | C26: =COUNTIFS(Leads!$H$5:$H$300,B26,Leads!$F$5:$F$300,"<>Won",Leads!$F$5:$F$300,"<>Lost",Leads!$F$5:$F$300,"<>") -> 3 | D26: =SUMIFS(Leads!$G$5:$G$300,Leads!$H$5:$H$300,B26,Leads!$F$5:$F$300,"<>Won",Leads!$F$5:$F$300,"<>Lost",Leads!$F$5:$F$300,"<>") -> 790000 | E26: =COUNTIFS(Leads!$H$5:$H$300,B26,Leads!$L$5:$L$300,"Overdue") -> 0
B27: Carlo | C27: =COUNTIFS(Leads!$H$5:$H$300,B27,Leads!$F$5:$F$300,"<>Won",Leads!$F$5:$F$300,"<>Lost",Leads!$F$5:$F$300,"<>") -> 4 | D27: =SUMIFS(Leads!$G$5:$G$300,Leads!$H$5:$H$300,B27,Leads!$F$5:$F$300,"<>Won",Leads!$F$5:$F$300,"<>Lost",Leads!$F$5:$F$300,"<>") -> 865000 | E27: =COUNTIFS(Leads!$H$5:$H$300,B27,Leads!$L$5:$L$300,"Overdue") -> 2
B28: Jen | C28: =COUNTIFS(Leads!$H$5:$H$300,B28,Leads!$F$5:$F$300,"<>Won",Leads!$F$5:$F$300,"<>Lost",Leads!$F$5:$F$300,"<>") -> 2 | D28: =SUMIFS(Leads!$G$5:$G$300,Leads!$H$5:$H$300,B28,Leads!$F$5:$F$300,"<>Won",Leads!$F$5:$F$300,"<>Lost",Leads!$F$5:$F$300,"<>") -> 173000 | E28: =COUNTIFS(Leads!$H$5:$H$300,B28,Leads!$L$5:$L$300,"Overdue") -> 0

Sheet Leads
B1: Leads
B2: One row per lead. Blue text = typed-in data. Status and Days columns calculate on their own.
B4: Lead ID | C4: Company | D4: Contact | E4: Source | F4: Stage | G4: Value (PHP) | H4: Owner | I4: Last contact | J4: Next step | K4: Follow-up date | L4: Status | M4: Days to follow-up
B5: L-101 | C5: Kestrel Hardware | D5: Ramon Lim | E5: Referral | F5: Proposal | G5: 140000 | H5: Carlo | I5: 46289 | J5: Confirm decision date | K5: 46297 | L5: =IF(F5="","",IF(OR(F5="Won",F5="Lost"),"Closed",IF(K5<Dashboard!$C$4,"Overdue",IF(K5=Dashboard!$C$4,"Due today",IF(K5<=Dashboard!$C$4+6,"This week","Upcoming"))))) -> Overdue | M5: =IF(OR(K5="",L5="Closed"),"",K5-Dashboard!$C$4) -> -3
B6: L-102 | C6: Brightwell Logistics | D6: Sam Chua | E6: LinkedIn | F6: Contacted | G6: 210000 | H6: Carlo | I6: 46293 | J6: Send proposal draft | K6: 46298 | L6: =IF(F6="","",IF(OR(F6="Won",F6="Lost"),"Closed",IF(K6<Dashboard!$C$4,"Overdue",IF(K6=Dashboard!$C$4,"Due today",IF(K6<=Dashboard!$C$4+6,"This week","Upcoming"))))) -> Overdue | M6: =IF(OR(K6="",L6="Closed"),"",K6-Dashboard!$C$4) -> -2
B7: L-103 | C7: Bayside Packaging | D7: Leo Santos | E7: Trade show | F7: Proposal | G7: 185000 | H7: Carlo | I7: 46294 | J7: Follow up on proposal | K7: 46300 | L7: =IF(F7="","",IF(OR(F7="Won",F7="Lost"),"Closed",IF(K7<Dashboard!$C$4,"Overdue",IF(K7=Dashboard!$C$4,"Due today",IF(K7<=Dashboard!$C$4+6,"This week","Upcoming"))))) -> Due today | M7: =IF(OR(K7="",L7="Closed"),"",K7-Dashboard!$C$4) -> 0
B8: L-104 | C8: Silverleaf Hotels | D8: Grace Tan | E8: LinkedIn | F8: New | G8: 250000 | H8: Ivy | J8: Send intro email | K8: 46300 | L8: =IF(F8="","",IF(OR(F8="Won",F8="Lost"),"Closed",IF(K8<Dashboard!$C$4,"Overdue",IF(K8=Dashboard!$C$4,"Due today",IF(K8<=Dashboard!$C$4+6,"This week","Upcoming"))))) -> Due today | M8: =IF(OR(K8="",L8="Closed"),"",K8-Dashboard!$C$4) -> 0
B9: L-105 | C9: Marlowe Foods | D9: Ana Villanueva | E9: Referral | F9: Negotiation | G9: 420000 | H9: Ivy | I9: 46296 | J9: Send revised pricing | K9: 46301 | L9: =IF(F9="","",IF(OR(F9="Won",F9="Lost"),"Closed",IF(K9<Dashboard!$C$4,"Overdue",IF(K9=Dashboard!$C$4,"Due today",IF(K9<=Dashboard!$C$4+6,"This week","Upcoming"))))) -> This week | M9: =IF(OR(K9="",L9="Closed"),"",K9-Dashboard!$C$4) -> 1
B10: L-106 | C10: Crestview Schools | D10: Liza Aquino | E10: Website | F10: New | G10: 120000 | H10: Ivy | J10: Qualify budget and timing | K10: 46301 | L10: =IF(F10="","",IF(OR(F10="Won",F10="Lost"),"Closed",IF(K10<Dashboard!$C$4,"Overdue",IF(K10=Dashboard!$C$4,"Due today",IF(K10<=Dashboard!$C$4+6,"This week","Upcoming"))))) -> This week | M10: =IF(OR(K10="",L10="Closed"),"",K10-Dashboard!$C$4) -> 1
B11: L-107 | C11: Northgate Pharmacy | D11: Paolo Reyes | E11: Cold email | F11: Contacted | G11: 95000 | H11: Jen | I11: 46295 | J11: Book discovery call | K11: 46302 | L11: =IF(F11="","",IF(OR(F11="Won",F11="Lost"),"Closed",IF(K11<Dashboard!$C$4,"Overdue",IF(K11=Dashboard!$C$4,"Due today",IF(K11<=Dashboard!$C$4+6,"This week","Upcoming"))))) -> This week | M11: =IF(OR(K11="",L11="Closed"),"",K11-Dashboard!$C$4) -> 2
B12: L-108 | C12: Pinecrest Clinics | D12: Joy Mendoza | E12: Website | F12: Contacted | G12: 78000 | H12: Jen | I12: 46297 | J12: Send case study | K12: 46303 | L12: =IF(F12="","",IF(OR(F12="Won",F12="Lost"),"Closed",IF(K12<Dashboard!$C$4,"Overdue",IF(K12=Dashboard!$C$4,"Due today",IF(K12<=Dashboard!$C$4+6,"This week","Upcoming"))))) -> This week | M12: =IF(OR(K12="",L12="Closed"),"",K12-Dashboard!$C$4) -> 3
B13: L-109 | C13: Oakline Furniture | D13: Mark Uy | E13: Trade show | F13: Negotiation | G13: 330000 | H13: Carlo | I13: 46296 | J13: Legal review of terms | K13: 46304 | L13: =IF(F13="","",IF(OR(F13="Won",F13="Lost"),"Closed",IF(K13<Dashboard!$C$4,"Overdue",IF(K13=Dashboard!$C$4,"Due today",IF(K13<=Dashboard!$C$4+6,"This week","Upcoming"))))) -> This week | M13: =IF(OR(K13="",L13="Closed"),"",K13-Dashboard!$C$4) -> 4
B14: L-110 | C14: Harlow Retail | D14: Kim Dela Cruz | E14: Website | F14: Won | G14: 610000 | H14: Ivy | I14: 46290 | J14: Kickoff call | K14: 46307 | L14: =IF(F14="","",IF(OR(F14="Won",F14="Lost"),"Closed",IF(K14<Dashboard!$C$4,"Overdue",IF(K14=Dashboard!$C$4,"Due today",IF(K14<=Dashboard!$C$4+6,"This week","Upcoming"))))) -> Closed | M14: =IF(OR(K14="",L14="Closed"),"",K14-Dashboard!$C$4)
B15: L-111 | C15: Tidewater Grocers | D15: Bea Ramos | E15: Referral | F15: Won | G15: 275000 | H15: Ivy | I15: 46283 | J15: Onboarding checklist | K15: 46310 | L15: =IF(F15="","",IF(OR(F15="Won",F15="Lost"),"Closed",IF(K15<Dashboard!$C$4,"Overdue",IF(K15=Dashboard!$C$4,"Due today",IF(K15<=Dashboard!$C$4+6,"This week","Upcoming"))))) -> Closed | M15: =IF(OR(K15="",L15="Closed"),"",K15-Dashboard!$C$4)
B16: L-112 | C16: Ember Cafe Group | D16: Nico Garcia | E16: Instagram | F16: Lost | G16: 60000 | H16: Jen | I16: 46280 | J16: Reconnect in Q1 | K16: 46399 | L16: =IF(F16="","",IF(OR(F16="Won",F16="Lost"),"Closed",IF(K16<Dashboard!$C$4,"Overdue",IF(K16=Dashboard!$C$4,"Due today",IF(K16<=Dashboard!$C$4+6,"This week","Upcoming"))))) -> Closed | M16: =IF(OR(K16="",L16="Closed"),"",K16-Dashboard!$C$4)

Sheet Lists
B1: Dropdown lists
B2: Edit these lists to change the dropdown options on the Leads sheet.
B4: Stage | D4: Owner | F4: Source
B5: New | D5: Ivy | F5: Referral
B6: Contacted | D6: Carlo | F6: Website
B7: Proposal | D7: Jen | F7: LinkedIn
B8: Negotiation | F8: Trade show
B9: Won | F9: Cold email
B10: Lost | F10: Instagram

Sheet How to use
B1: How to use this tracker
B3: Step | C3: What to do
B4: 1. Add a lead | C4: Type a new row under the last lead on the Leads sheet. The table grows with it.
B5: 2. Use the dropdowns | C5: Stage, Owner and Source have dropdowns. Change the options on the Lists sheet.
B6: 3. Always set a next step | C6: Every open lead needs a next step and a follow-up date.
B7: 4. Read the Status column | C7: It flags Overdue, Due today and This week automatically from the date on the Dashboard.
B8: 5. Filter and sort | C8: Use the arrows in the Leads header to filter by owner, stage or status.
B9: 6. Go live | C9: Replace the date on the Dashboard with =TODAY() so the status updates every day.
B10: Google Sheets | C10: Upload this file to Google Drive and open it with Google Sheets. Formulas and dropdowns carry over.
B12: Note | C12: All companies, contacts and values are fictional sample data made by Mary Rose Obsuna.
