Workbook

Sheet Start Here
B2: BICOL HOME GOODS · CUSTOMER DATABASE CLEANUP
B3: One clean customer list from three messy files
B4: Three customer files (online store, Facebook Page orders and in-store loyalty sign-ups) were combined, cleaned, de-duplicated and checked, so the shop can move to one CRM and start a loyalty program. The raw file is kept untouched. Every change is logged.
B6: Report date | C6: 46295
B7: Prepared by | C7: Mary Rose Obsuna, Virtual Assistant
B8: Data | C8: Fictional sample. All names, emails and numbers are made up for demonstration.
B10: Sheets in this workbook
B11: Sheet | C11: What it holds
B12: Dashboard | C12: Headline numbers, data quality before and after, customer segments and where customers live. All live formulas.
B13: Customer Master | C13: The clean list: one row per customer, ready to import into a CRM. Checks and segments update on their own.
B14: Raw Combined | C14: The three source files stacked exactly as received. Never edited, so every change can be traced.
B15: Change Log | C15: Every field that changed: raw row, field, value before, value after and the rule applied.
B16: Duplicate Log | C16: Which raw rows were the same customer, how they were matched and what was kept.
B17: Follow-up Queue | C17: Customers missing an email, mobile or consent, with the next action, owner and status.
B18: Data Quality | C18: Scorecard on four standard checks, measured on the raw file and on the clean list, plus fixes by field.
B19: Data Dictionary | C19: What each column means, its format and the rule that keeps it clean.
B20: Lists | C20: Approved values used by the dropdowns (cities, provinces, consent, follow-up status).
B22: How the cleanup was done
B23: 1 Protect the original | C23: Combined the three exports into Raw Combined with a row number (R001...) and source reference, then left it untouched.
B24: 2 Standardize every field | C24: Names in proper case with extra spaces removed, emails in lowercase with domain typos fixed, one mobile format (+63 9XX XXX XXXX), one spelling per city, full province names, real dates, and numbers instead of text.
B25: 3 Find duplicates | C25: Matched rows by the same email first, then the same mobile number, then the same name and city. Each match was checked before merging.
B26: 4 Merge carefully | C26: Duplicates across sources were merged: orders and spend added up, earliest first order and latest last order kept. Rows exported twice from the same file were kept once.
B27: 5 Check and score | C27: Measured completeness, validity, consistency and uniqueness before and after. Added dropdowns and checks so new rows stay clean.
B28: 6 Hand over | C28: Customers with missing details went to the Follow-up Queue with a clear next step. The clean list is ready for CRM import.
B30: Color key
C31: Blue header: column names
C32: Light blue cell: needs a follow-up action
C33: Gray cell: formula, do not type over it

Sheet Dashboard
B2: BICOL HOME GOODS · CUSTOMER DATABASE
B3: Customer Data Cleanup Dashboard
B4: ="As of "&TEXT(AsOfDate,"mmmm d, yyyy")&" · Three source files combined, cleaned and checked" -> As of September 30, 2026 · Three source files combined, cleaned and checked
B6: Raw rows received | E6: Duplicate rows removed | H6: Fields corrected | K6: Clean customers
B7: =COUNTA('Raw Combined'!A2:A269) -> 268 | E7: =B7-K7 -> 62 | H7: =COUNTA('Change Log'!A2:A1657) -> 1656 | K7: =COUNTA('Customer Master'!A2:A207) -> 206
B8: From 3 source files | E8: =TEXT(COUNTA('Duplicate Log'!A2:A54),"0")&" customers matched" -> 53 customers matched | H8: Every change logged | K8: =TEXT(COUNTIF('Customer Master'!S2:S207,"Complete"),"0")&" complete, ready for CRM" -> 185 complete, ready for CRM
B10: Data quality score | E10: Total customer spend | H10: VIP customers | K10: Follow-ups open
B11: ='Data Quality'!E10 -> 0.99745146 | E11: =SUM('Customer Master'!L2:L207) -> 2009530 | H11: =COUNTIF('Customer Master'!P2:P207,"VIP") -> 33 | K11: =COUNTIF('Follow-up Queue'!J2:J22,"Open") -> 21
B12: ="Up from "&TEXT('Data Quality'!D10,"0%")&" in the raw file" -> Up from 63% in the raw file | E12: =TEXT(SUM('Customer Master'!K2:K207),"#,##0")&" orders on record" -> 1,555 orders on record | H12: =TEXT(SUMIF('Customer Master'!P2:P207,"VIP",'Customer Master'!L2:L207)/E11,"0%")&" of all spend" -> 48% of all spend | K12: Missing email, mobile or consent
B14: Data quality, before and after
B15: Check | C15: Raw file | D15: Clean list
B16: Completeness | C16: ='Data Quality'!D6 -> 0.978 | D16: ='Data Quality'!E6 -> 0.98980583
B17: Validity | C17: ='Data Quality'!D7 -> 0.3427 | D17: ='Data Quality'!E7 -> 1
B18: Consistency | C18: ='Data Quality'!D8 -> 0.4142 | D18: ='Data Quality'!E8 -> 1
B19: Uniqueness | C19: ='Data Quality'!D9 -> 0.7687 | D19: ='Data Quality'!E9 -> 1
B30: Customer segments
B31: Segment | C31: Customers | D31: Spend
B32: VIP | C32: =COUNTIF('Customer Master'!P2:P207,B32) -> 33 | D32: =SUMIF('Customer Master'!P2:P207,B32,'Customer Master'!L2:L207) -> 963450
B33: Regular | C33: =COUNTIF('Customer Master'!P2:P207,B33) -> 68 | D33: =SUMIF('Customer Master'!P2:P207,B33,'Customer Master'!L2:L207) -> 547270
B34: New | C34: =COUNTIF('Customer Master'!P2:P207,B34) -> 26 | D34: =SUMIF('Customer Master'!P2:P207,B34,'Customer Master'!L2:L207) -> 65880
B35: At risk | C35: =COUNTIF('Customer Master'!P2:P207,B35) -> 44 | D35: =SUMIF('Customer Master'!P2:P207,B35,'Customer Master'!L2:L207) -> 294900
B36: Lapsed | C36: =COUNTIF('Customer Master'!P2:P207,B36) -> 35 | D36: =SUMIF('Customer Master'!P2:P207,B36,'Customer Master'!L2:L207) -> 138030
B46: Where customers live
B47: Province | C47: Customers | D47: Share
B48: Camarines Sur | C48: =COUNTIF('Customer Master'!G2:G207,B48) -> 106 | D48: =C48/COUNTA('Customer Master'!A2:A207) -> 0.51456311
B49: Albay | C49: =COUNTIF('Customer Master'!G2:G207,B49) -> 59 | D49: =C49/COUNTA('Customer Master'!A2:A207) -> 0.28640777
B50: Sorsogon | C50: =COUNTIF('Customer Master'!G2:G207,B50) -> 16 | D50: =C50/COUNTA('Customer Master'!A2:A207) -> 0.077669903
B51: Camarines Norte | C51: =COUNTIF('Customer Master'!G2:G207,B51) -> 14 | D51: =C51/COUNTA('Customer Master'!A2:A207) -> 0.067961165
B52: Catanduanes | C52: =COUNTIF('Customer Master'!G2:G207,B52) -> 8 | D52: =C52/COUNTA('Customer Master'!A2:A207) -> 0.038834951
B53: Masbate | C53: =COUNTIF('Customer Master'!G2:G207,B53) -> 3 | D53: =C53/COUNTA('Customer Master'!A2:A207) -> 0.014563107
B62: Rows received by source | G62: Duplicates found by rule
B63: Source | C63: Raw rows | D63: Share | G63: Match rule | I63: Customers
B64: Online store | C64: =COUNTIF('Raw Combined'!B2:B269,"WEB") -> 109 | D64: =C64/COUNTA('Raw Combined'!A2:A269) -> 0.40671642 | G64: Same email | I64: =COUNTIF('Duplicate Log'!F2:F54,G64) -> 49
B65: Facebook Page | C65: =COUNTIF('Raw Combined'!B2:B269,"FB") -> 82 | D65: =C65/COUNTA('Raw Combined'!A2:A269) -> 0.30597015 | G65: Same mobile number | I65: =COUNTIF('Duplicate Log'!F2:F54,G65) -> 3
B66: In-store sign-ups | C66: =COUNTIF('Raw Combined'!B2:B269,"POS") -> 77 | D66: =C66/COUNTA('Raw Combined'!A2:A269) -> 0.28731343 | G66: Same name and city | I66: =COUNTIF('Duplicate Log'!F2:F54,G66) -> 1
B68: All numbers on this sheet are formulas that read the other sheets. Edit Customer Master and the dashboard updates.

Sheet Customer Master
A1: Customer ID | B1: First Name | C1: Last Name | D1: Email | E1: Mobile | F1: City | G1: Province | H1: Sources | I1: First Order | J1: Last Order | K1: Orders | L1: Total Spent | M1: Avg Order | N1: Consent | O1: Days Since Last Order | P1: Segment | Q1: Email Check | R1: Mobile Check | S1: Record Status | T1: Raw Rows
A2: BHG-10001 | B2: Fritz | C2: Francisco | D2: ffrancisco45@example.com | E2: +63 961 555 3755 | F2: Daraga | G2: Albay | H2: FB | I2: 44991 | J2: 45821 | K2: 2 | L2: 3390 | M2: =IFERROR(L2/K2,0) -> 1695 | O2: =IF(J2="","",AsOfDate-J2) -> 474 | P2: =IF(A2="","",IF(AsOfDate-I2<=90,"New",IF(AND(O2<=180,L2>=15000),"VIP",IF(O2<=180,"Regular",IF(O2<=365,"At risk","Lapsed"))))) -> Lapsed | Q2: =IF(D2="","Missing",IF(COUNTIF($D$2:$D$207,D2)>1,"Duplicate",IF(AND(LEN(D2)-LEN(SUBSTITUTE(D2,"@",""))=1,ISNUMBER(SEARCH(".",D2,SEARCH("@",D2))),ISERROR(SEARCH(" ",D2))),"Valid","Invalid"))) -> Valid | R2: =IF(E2="","Missing",IF(COUNTIF($E$2:$E$207,E2)>1,"Duplicate",IF(AND(LEN(E2)=16,LEFT(E2,5)="+63 9"),"Valid","Check"))) -> Valid | S2: =IF(AND(Q2="Valid",R2="Valid",N2<>""),"Complete","Needs follow-up") -> Needs follow-up | T2: R127
A3: BHG-10002 | B3: Precious | C3: Briones | D3: pbriones89@example.com | E3: +63 920 555 2968 | F3: Naga City | G3: Camarines Sur | H3: WEB | I3: 45046 | J3: 45446 | K3: 3 | L3: 2010 | M3: =IFERROR(L3/K3,0) -> 670 | N3: No | O3: =IF(J3="","",AsOfDate-J3) -> 849 | P3: =IF(A3="","",IF(AsOfDate-I3<=90,"New",IF(AND(O3<=180,L3>=15000),"VIP",IF(O3<=180,"Regular",IF(O3<=365,"At risk","Lapsed"))))) -> Lapsed | Q3: =IF(D3="","Missing",IF(COUNTIF($D$2:$D$207,D3)>1,"Duplicate",IF(AND(LEN(D3)-LEN(SUBSTITUTE(D3,"@",""))=1,ISNUMBER(SEARCH(".",D3,SEARCH("@",D3))),ISERROR(SEARCH(" ",D3))),"Valid","Invalid"))) -> Valid | R3: =IF(E3="","Missing",IF(COUNTIF($E$2:$E$207,E3)>1,"Duplicate",IF(AND(LEN(E3)=16,LEFT(E3,5)="+63 9"),"Valid","Check"))) -> Valid | S3: =IF(AND(Q3="Valid",R3="Valid",N3<>""),"Complete","Needs follow-up") -> Complete | T3: R019
A4: BHG-10003 | B4: Gemma | C4: Padilla | D4: gemma.padilla@example.com | E4: +63 998 555 4416 | F4: Virac | G4: Catanduanes | H4: WEB | I4: 45061 | J4: 45574 | K4: 2 | L4: 1480 | M4: =IFERROR(L4/K4,0) -> 740 | N4: No | O4: =IF(J4="","",AsOfDate-J4) -> 721 | P4: =IF(A4="","",IF(AsOfDate-I4<=90,"New",IF(AND(O4<=180,L4>=15000),"VIP",IF(O4<=180,"Regular",IF(O4<=365,"At risk","Lapsed"))))) -> Lapsed | Q4: =IF(D4="","Missing",IF(COUNTIF($D$2:$D$207,D4)>1,"Duplicate",IF(AND(LEN(D4)-LEN(SUBSTITUTE(D4,"@",""))=1,ISNUMBER(SEARCH(".",D4,SEARCH("@",D4))),ISERROR(SEARCH(" ",D4))),"Valid","Invalid"))) -> Valid | R4: =IF(E4="","Missing",IF(COUNTIF($E$2:$E$207,E4)>1,"Duplicate",IF(AND(LEN(E4)=16,LEFT(E4,5)="+63 9"),"Valid","Check"))) -> Valid | S4: =IF(AND(Q4="Valid",R4="Valid",N4<>""),"Complete","Needs follow-up") -> Complete | T4: R052
A5: BHG-10004 | B5: Nico | C5: Torres | D5: nico.torres@mail.example.com | E5: +63 977 555 0129 | F5: Naga City | G5: Camarines Sur | H5: FB | I5: 45074 | J5: 45891 | K5: 5 | L5: 6910 | M5: =IFERROR(L5/K5,0) -> 1382 | N5: No | O5: =IF(J5="","",AsOfDate-J5) -> 404 | P5: =IF(A5="","",IF(AsOfDate-I5<=90,"New",IF(AND(O5<=180,L5>=15000),"VIP",IF(O5<=180,"Regular",IF(O5<=365,"At risk","Lapsed"))))) -> Lapsed | Q5: =IF(D5="","Missing",IF(COUNTIF($D$2:$D$207,D5)>1,"Duplicate",IF(AND(LEN(D5)-LEN(SUBSTITUTE(D5,"@",""))=1,ISNUMBER(SEARCH(".",D5,SEARCH("@",D5))),ISERROR(SEARCH(" ",D5))),"Valid","Invalid"))) -> Valid | R5: =IF(E5="","Missing",IF(COUNTIF($E$2:$E$207,E5)>1,"Duplicate",IF(AND(LEN(E5)=16,LEFT(E5,5)="+63 9"),"Valid","Check"))) -> Valid | S5: =IF(AND(Q5="Valid",R5="Valid",N5<>""),"Complete","Needs follow-up") -> Complete | T5: R161
A6: BHG-10005 | B6: Gio | C6: Garcia | D6: ggarcia53@example.com | E6: +63 998 555 5135 | F6: Legazpi City | G6: Albay | H6: WEB | I6: 45076 | J6: 45463 | K6: 4 | L6: 3200 | M6: =IFERROR(L6/K6,0) -> 800 | N6: Yes | O6: =IF(J6="","",AsOfDate-J6) -> 832 | P6: =IF(A6="","",IF(AsOfDate-I6<=90,"New",IF(AND(O6<=180,L6>=15000),"VIP",IF(O6<=180,"Regular",IF(O6<=365,"At risk","Lapsed"))))) -> Lapsed | Q6: =IF(D6="","Missing",IF(COUNTIF($D$2:$D$207,D6)>1,"Duplicate",IF(AND(LEN(D6)-LEN(SUBSTITUTE(D6,"@",""))=1,ISNUMBER(SEARCH(".",D6,SEARCH("@",D6))),ISERROR(SEARCH(" ",D6))),"Valid","Invalid"))) -> Valid | R6: =IF(E6="","Missing",IF(COUNTIF($E$2:$E$207,E6)>1,"Duplicate",IF(AND(LEN(E6)=16,LEFT(E6,5)="+63 9"),"Valid","Check"))) -> Valid | S6: =IF(AND(Q6="Valid",R6="Valid",N6<>""),"Complete","Needs follow-up") -> Complete | T6: R045
A7: BHG-10006 | B7: Carlo | C7: Cortez | D7: carlo.cortez@example.net | E7: +63 977 555 6591 | F7: Legazpi City | G7: Albay | H7: FB | I7: 45086 | J7: 45155 | K7: 2 | L7: 2220 | M7: =IFERROR(L7/K7,0) -> 1110 | N7: Yes | O7: =IF(J7="","",AsOfDate-J7) -> 1140 | P7: =IF(A7="","",IF(AsOfDate-I7<=90,"New",IF(AND(O7<=180,L7>=15000),"VIP",IF(O7<=180,"Regular",IF(O7<=365,"At risk","Lapsed"))))) -> Lapsed | Q7: =IF(D7="","Missing",IF(COUNTIF($D$2:$D$207,D7)>1,"Duplicate",IF(AND(LEN(D7)-LEN(SUBSTITUTE(D7,"@",""))=1,ISNUMBER(SEARCH(".",D7,SEARCH("@",D7))),ISERROR(SEARCH(" ",D7))),"Valid","Invalid"))) -> Valid | R7: =IF(E7="","Missing",IF(COUNTIF($E$2:$E$207,E7)>1,"Duplicate",IF(AND(LEN(E7)=16,LEFT(E7,5)="+63 9"),"Valid","Check"))) -> Valid | S7: =IF(AND(Q7="Valid",R7="Valid",N7<>""),"Complete","Needs follow-up") -> Complete | T7: R148
A8: BHG-10007 | B8: Aira | C8: Pascual | D8: aira.pascual@example.com | F8: Pili | G8: Camarines Sur | H8: POS | I8: 45089 | J8: 46055 | K8: 2 | L8: 3320 | M8: =IFERROR(L8/K8,0) -> 1660 | N8: No | O8: =IF(J8="","",AsOfDate-J8) -> 240 | P8: =IF(A8="","",IF(AsOfDate-I8<=90,"New",IF(AND(O8<=180,L8>=15000),"VIP",IF(O8<=180,"Regular",IF(O8<=365,"At risk","Lapsed"))))) -> At risk | Q8: =IF(D8="","Missing",IF(COUNTIF($D$2:$D$207,D8)>1,"Duplicate",IF(AND(LEN(D8)-LEN(SUBSTITUTE(D8,"@",""))=1,ISNUMBER(SEARCH(".",D8,SEARCH("@",D8))),ISERROR(SEARCH(" ",D8))),"Valid","Invalid"))) -> Valid | R8: =IF(E8="","Missing",IF(COUNTIF($E$2:$E$207,E8)>1,"Duplicate",IF(AND(LEN(E8)=16,LEFT(E8,5)="+63 9"),"Valid","Check"))) -> Missing | S8: =IF(AND(Q8="Valid",R8="Valid",N8<>""),"Complete","Needs follow-up") -> Needs follow-up | T8: R216
A9: BHG-10008 | B9: Aira | C9: Ignacio | D9: aira.ignacio@example.com | E9: +63 928 555 5809 | F9: Daet | G9: Camarines Norte | H9: FB | I9: 45090 | J9: 45376 | K9: 2 | L9: 3400 | M9: =IFERROR(L9/K9,0) -> 1700 | N9: Yes | O9: =IF(J9="","",AsOfDate-J9) -> 919 | P9: =IF(A9="","",IF(AsOfDate-I9<=90,"New",IF(AND(O9<=180,L9>=15000),"VIP",IF(O9<=180,"Regular",IF(O9<=365,"At risk","Lapsed"))))) -> Lapsed | Q9: =IF(D9="","Missing",IF(COUNTIF($D$2:$D$207,D9)>1,"Duplicate",IF(AND(LEN(D9)-LEN(SUBSTITUTE(D9,"@",""))=1,ISNUMBER(SEARCH(".",D9,SEARCH("@",D9))),ISERROR(SEARCH(" ",D9))),"Valid","Invalid"))) -> Valid | R9: =IF(E9="","Missing",IF(COUNTIF($E$2:$E$207,E9)>1,"Duplicate",IF(AND(LEN(E9)=16,LEFT(E9,5)="+63 9"),"Valid","Check"))) -> Valid | S9: =IF(AND(Q9="Valid",R9="Valid",N9<>""),"Complete","Needs follow-up") -> Complete | T9: R146
A10: BHG-10009 | B10: Carlo | C10: Soriano | D10: carlo.soriano@example.com | E10: +63 917 555 3722 | F10: Daraga | G10: Albay | H10: WEB | I10: 45091 | J10: 46246 | K10: 24 | L10: 38110 | M10: =IFERROR(L10/K10,0) -> 1587.9167 | N10: No | O10: =IF(J10="","",AsOfDate-J10) -> 49 | P10: =IF(A10="","",IF(AsOfDate-I10<=90,"New",IF(AND(O10<=180,L10>=15000),"VIP",IF(O10<=180,"Regular",IF(O10<=365,"At risk","Lapsed"))))) -> VIP | Q10: =IF(D10="","Missing",IF(COUNTIF($D$2:$D$207,D10)>1,"Duplicate",IF(AND(LEN(D10)-LEN(SUBSTITUTE(D10,"@",""))=1,ISNUMBER(SEARCH(".",D10,SEARCH("@",D10))),ISERROR(SEARCH(" ",D10))),"Valid","Invalid"))) -> Valid | R10: =IF(E10="","Missing",IF(COUNTIF($E$2:$E$207,E10)>1,"Duplicate",IF(AND(LEN(E10)=16,LEFT(E10,5)="+63 9"),"Valid","Check"))) -> Valid | S10: =IF(AND(Q10="Valid",R10="Valid",N10<>""),"Complete","Needs follow-up") -> Complete | T10: R069
A11: BHG-10010 | B11: Jomar | C11: Cruz | D11: jomar.cruz@example.net | E11: +63 917 555 4023 | F11: Naga City | G11: Camarines Sur | H11: WEB + POS | I11: 45093 | J11: 45959 | K11: 5 | L11: 8920 | M11: =IFERROR(L11/K11,0) -> 1784 | N11: Yes | O11: =IF(J11="","",AsOfDate-J11) -> 336 | P11: =IF(A11="","",IF(AsOfDate-I11<=90,"New",IF(AND(O11<=180,L11>=15000),"VIP",IF(O11<=180,"Regular",IF(O11<=365,"At risk","Lapsed"))))) -> At risk | Q11: =IF(D11="","Missing",IF(COUNTIF($D$2:$D$207,D11)>1,"Duplicate",IF(AND(LEN(D11)-LEN(SUBSTITUTE(D11,"@",""))=1,ISNUMBER(SEARCH(".",D11,SEARCH("@",D11))),ISERROR(SEARCH(" ",D11))),"Valid","Invalid"))) -> Valid | R11: =IF(E11="","Missing",IF(COUNTIF($E$2:$E$207,E11)>1,"Duplicate",IF(AND(LEN(E11)=16,LEFT(E11,5)="+63 9"),"Valid","Check"))) -> Valid | S11: =IF(AND(Q11="Valid",R11="Valid",N11<>""),"Complete","Needs follow-up") -> Complete | T11: R005, R201
A12: BHG-10011 | B12: Cedric | C12: Fernandez | D12: cedric.fernandez@example.com | E12: +63 995 555 6077 | F12: Daraga | G12: Albay | H12: WEB + FB + POS | I12: 45096 | J12: 46262 | K12: 29 | L12: 35060 | M12: =IFERROR(L12/K12,0) -> 1208.9655 | N12: Yes | O12: =IF(J12="","",AsOfDate-J12) -> 33 | P12: =IF(A12="","",IF(AsOfDate-I12<=90,"New",IF(AND(O12<=180,L12>=15000),"VIP",IF(O12<=180,"Regular",IF(O12<=365,"At risk","Lapsed"))))) -> VIP | Q12: =IF(D12="","Missing",IF(COUNTIF($D$2:$D$207,D12)>1,"Duplicate",IF(AND(LEN(D12)-LEN(SUBSTITUTE(D12,"@",""))=1,ISNUMBER(SEARCH(".",D12,SEARCH("@",D12))),ISERROR(SEARCH(" ",D12))),"Valid","Invalid"))) -> Valid | R12: =IF(E12="","Missing",IF(COUNTIF($E$2:$E$207,E12)>1,"Duplicate",IF(AND(LEN(E12)=16,LEFT(E12,5)="+63 9"),"Valid","Check"))) -> Valid | S12: =IF(AND(Q12="Valid",R12="Valid",N12<>""),"Complete","Needs follow-up") -> Complete | T12: R015, R183, R245
A13: BHG-10012 | B13: Flor | C13: Evangelista | D13: flor.evangelista@example.com | E13: +63 918 555 6322 | F13: Naga City | G13: Camarines Sur | H13: FB | I13: 45100 | J13: 46246 | K13: 33 | L13: 51710 | M13: =IFERROR(L13/K13,0) -> 1566.9697 | N13: Yes | O13: =IF(J13="","",AsOfDate-J13) -> 49 | P13: =IF(A13="","",IF(AsOfDate-I13<=90,"New",IF(AND(O13<=180,L13>=15000),"VIP",IF(O13<=180,"Regular",IF(O13<=365,"At risk","Lapsed"))))) -> VIP | Q13: =IF(D13="","Missing",IF(COUNTIF($D$2:$D$207,D13)>1,"Duplicate",IF(AND(LEN(D13)-LEN(SUBSTITUTE(D13,"@",""))=1,ISNUMBER(SEARCH(".",D13,SEARCH("@",D13))),ISERROR(SEARCH(" ",D13))),"Valid","Invalid"))) -> Valid | R13: =IF(E13="","Missing",IF(COUNTIF($E$2:$E$207,E13)>1,"Duplicate",IF(AND(LEN(E13)=16,LEFT(E13,5)="+63 9"),"Valid","Check"))) -> Valid | S13: =IF(AND(Q13="Valid",R13="Valid",N13<>""),"Complete","Needs follow-up") -> Complete | T13: R180, R182
A14: BHG-10013 | B14: Nina | C14: Hidalgo | D14: nina.hidalgo@example.com | E14: +63 977 555 4270 | F14: Naga City | G14: Camarines Sur | H14: WEB | I14: 45104 | J14: 45160 | K14: 4 | L14: 6080 | M14: =IFERROR(L14/K14,0) -> 1520 | N14: Yes | O14: =IF(J14="","",AsOfDate-J14) -> 1135 | P14: =IF(A14="","",IF(AsOfDate-I14<=90,"New",IF(AND(O14<=180,L14>=15000),"VIP",IF(O14<=180,"Regular",IF(O14<=365,"At risk","Lapsed"))))) -> Lapsed | Q14: =IF(D14="","Missing",IF(COUNTIF($D$2:$D$207,D14)>1,"Duplicate",IF(AND(LEN(D14)-LEN(SUBSTITUTE(D14,"@",""))=1,ISNUMBER(SEARCH(".",D14,SEARCH("@",D14))),ISERROR(SEARCH(" ",D14))),"Valid","Invalid"))) -> Valid | R14: =IF(E14="","Missing",IF(COUNTIF($E$2:$E$207,E14)>1,"Duplicate",IF(AND(LEN(E14)=16,LEFT(E14,5)="+63 9"),"Valid","Check"))) -> Valid | S14: =IF(AND(Q14="Valid",R14="Valid",N14<>""),"Complete","Needs follow-up") -> Complete | T14: R029
A15: BHG-10014 | B15: Aira | C15: Santiago | D15: aira.santiago@example.com | E15: +63 918 555 8391 | F15: Naga City | G15: Camarines Sur | H15: FB | I15: 45115 | J15: 45301 | K15: 4 | L15: 7510 | M15: =IFERROR(L15/K15,0) -> 1877.5 | N15: No | O15: =IF(J15="","",AsOfDate-J15) -> 994 | P15: =IF(A15="","",IF(AsOfDate-I15<=90,"New",IF(AND(O15<=180,L15>=15000),"VIP",IF(O15<=180,"Regular",IF(O15<=365,"At risk","Lapsed"))))) -> Lapsed | Q15: =IF(D15="","Missing",IF(COUNTIF($D$2:$D$207,D15)>1,"Duplicate",IF(AND(LEN(D15)-LEN(SUBSTITUTE(D15,"@",""))=1,ISNUMBER(SEARCH(".",D15,SEARCH("@",D15))),ISERROR(SEARCH(" ",D15))),"Valid","Invalid"))) -> Valid | R15: =IF(E15="","Missing",IF(COUNTIF($E$2:$E$207,E15)>1,"Duplicate",IF(AND(LEN(E15)=16,LEFT(E15,5)="+63 9"),"Valid","Check"))) -> Valid | S15: =IF(AND(Q15="Valid",R15="Valid",N15<>""),"Complete","Needs follow-up") -> Complete | T15: R123
A16: BHG-10015 | B16: Pauline | C16: Cruz | D16: pauline.cruz@example.com | E16: +63 998 555 8552 | F16: Naga City | G16: Camarines Sur | H16: WEB | I16: 45122 | J16: 45122 | K16: 1 | L16: 920 | M16: =IFERROR(L16/K16,0) -> 920 | N16: Yes | O16: =IF(J16="","",AsOfDate-J16) -> 1173 | P16: =IF(A16="","",IF(AsOfDate-I16<=90,"New",IF(AND(O16<=180,L16>=15000),"VIP",IF(O16<=180,"Regular",IF(O16<=365,"At risk","Lapsed"))))) -> Lapsed | Q16: =IF(D16="","Missing",IF(COUNTIF($D$2:$D$207,D16)>1,"Duplicate",IF(AND(LEN(D16)-LEN(SUBSTITUTE(D16,"@",""))=1,ISNUMBER(SEARCH(".",D16,SEARCH("@",D16))),ISERROR(SEARCH(" ",D16))),"Valid","Invalid"))) -> Valid | R16: =IF(E16="","Missing",IF(COUNTIF($E$2:$E$207,E16)>1,"Duplicate",IF(AND(LEN(E16)=16,LEFT(E16,5)="+63 9"),"Valid","Check"))) -> Valid | S16: =IF(AND(Q16="Valid",R16="Valid",N16<>""),"Complete","Needs follow-up") -> Complete | T16: R009, R039
A17: BHG-10016 | B17: Hannah | C17: Cortez | D17: hannah.cortez@example.com | E17: +63 918 555 7216 | F17: Buhi | G17: Camarines Sur | H17: FB | I17: 45124 | J17: 45124 | K17: 1 | L17: 1860 | M17: =IFERROR(L17/K17,0) -> 1860 | N17: No | O17: =IF(J17="","",AsOfDate-J17) -> 1171 | P17: =IF(A17="","",IF(AsOfDate-I17<=90,"New",IF(AND(O17<=180,L17>=15000),"VIP",IF(O17<=180,"Regular",IF(O17<=365,"At risk","Lapsed"))))) -> Lapsed | Q17: =IF(D17="","Missing",IF(COUNTIF($D$2:$D$207,D17)>1,"Duplicate",IF(AND(LEN(D17)-LEN(SUBSTITUTE(D17,"@",""))=1,ISNUMBER(SEARCH(".",D17,SEARCH("@",D17))),ISERROR(SEARCH(" ",D17))),"Valid","Invalid"))) -> Valid | R17: =IF(E17="","Missing",IF(COUNTIF($E$2:$E$207,E17)>1,"Duplicate",IF(AND(LEN(E17)=16,LEFT(E17,5)="+63 9"),"Valid","Check"))) -> Valid | S17: =IF(AND(Q17="Valid",R17="Valid",N17<>""),"Complete","Needs follow-up") -> Complete | T17: R184
A18: BHG-10017 | B18: Erika | C18: Francisco | D18: erika.francisco@example.org | E18: +63 919 555 4129 | F18: Naga City | G18: Camarines Sur | H18: WEB | I18: 45134 | J18: 45733 | K18: 2 | L18: 1940 | M18: =IFERROR(L18/K18,0) -> 970 | N18: Yes | O18: =IF(J18="","",AsOfDate-J18) -> 562 | P18: =IF(A18="","",IF(AsOfDate-I18<=90,"New",IF(AND(O18<=180,L18>=15000),"VIP",IF(O18<=180,"Regular",IF(O18<=365,"At risk","Lapsed"))))) -> Lapsed | Q18: =IF(D18="","Missing",IF(COUNTIF($D$2:$D$207,D18)>1,"Duplicate",IF(AND(LEN(D18)-LEN(SUBSTITUTE(D18,"@",""))=1,ISNUMBER(SEARCH(".",D18,SEARCH("@",D18))),ISERROR(SEARCH(" ",D18))),"Valid","Invalid"))) -> Valid | R18: =IF(E18="","Missing",IF(COUNTIF($E$2:$E$207,E18)>1,"Duplicate",IF(AND(LEN(E18)=16,LEFT(E18,5)="+63 9"),"Valid","Check"))) -> Valid | S18: =IF(AND(Q18="Valid",R18="Valid",N18<>""),"Complete","Needs follow-up") -> Complete | T18: R049, R091
A19: BHG-10018 | B19: Dolor | C19: Garcia | D19: dolor.garcia@mail.example.com | E19: +63 954 555 7220 | F19: Pili | G19: Camarines Sur | H19: POS | I19: 45148 | J19: 45598 | K19: 5 | L19: 8810 | M19: =IFERROR(L19/K19,0) -> 1762 | N19: No | O19: =IF(J19="","",AsOfDate-J19) -> 697 | P19: =IF(A19="","",IF(AsOfDate-I19<=90,"New",IF(AND(O19<=180,L19>=15000),"VIP",IF(O19<=180,"Regular",IF(O19<=365,"At risk","Lapsed"))))) -> Lapsed | Q19: =IF(D19="","Missing",IF(COUNTIF($D$2:$D$207,D19)>1,"Duplicate",IF(AND(LEN(D19)-LEN(SUBSTITUTE(D19,"@",""))=1,ISNUMBER(SEARCH(".",D19,SEARCH("@",D19))),ISERROR(SEARCH(" ",D19))),"Valid","Invalid"))) -> Valid | R19: =IF(E19="","Missing",IF(COUNTIF($E$2:$E$207,E19)>1,"Duplicate",IF(AND(LEN(E19)=16,LEFT(E19,5)="+63 9"),"Valid","Check"))) -> Valid | S19: =IF(AND(Q19="Valid",R19="Valid",N19<>""),"Complete","Needs follow-up") -> Complete | T19: R246
A20: BHG-10019 | B20: Ronald | C20: Nolasco | E20: +63 961 555 8956 | F20: Naga City | G20: Camarines Sur | H20: POS | I20: 45149 | J20: 46265 | K20: 22 | L20: 23280 | M20: =IFERROR(L20/K20,0) -> 1058.1818 | N20: Yes | O20: =IF(J20="","",AsOfDate-J20) -> 30 | P20: =IF(A20="","",IF(AsOfDate-I20<=90,"New",IF(AND(O20<=180,L20>=15000),"VIP",IF(O20<=180,"Regular",IF(O20<=365,"At risk","Lapsed"))))) -> VIP | Q20: =IF(D20="","Missing",IF(COUNTIF($D$2:$D$207,D20)>1,"Duplicate",IF(AND(LEN(D20)-LEN(SUBSTITUTE(D20,"@",""))=1,ISNUMBER(SEARCH(".",D20,SEARCH("@",D20))),ISERROR(SEARCH(" ",D20))),"Valid","Invalid"))) -> Missing | R20: =IF(E20="","Missing",IF(COUNTIF($E$2:$E$207,E20)>1,"Duplicate",IF(AND(LEN(E20)=16,LEFT(E20,5)="+63 9"),"Valid","Check"))) -> Valid | S20: =IF(AND(Q20="Valid",R20="Valid",N20<>""),"Complete","Needs follow-up") -> Needs follow-up | T20: R228
A21: BHG-10020 | B21: Queenie | C21: Lualhati | D21: queenie.lualhati@example.com | E21: +63 945 555 3327 | F21: Iriga City | G21: Camarines Sur | H21: POS | I21: 45153 | J21: 46092 | K21: 4 | L21: 4300 | M21: =IFERROR(L21/K21,0) -> 1075 | N21: No | O21: =IF(J21="","",AsOfDate-J21) -> 203 | P21: =IF(A21="","",IF(AsOfDate-I21<=90,"New",IF(AND(O21<=180,L21>=15000),"VIP",IF(O21<=180,"Regular",IF(O21<=365,"At risk","Lapsed"))))) -> At risk | Q21: =IF(D21="","Missing",IF(COUNTIF($D$2:$D$207,D21)>1,"Duplicate",IF(AND(LEN(D21)-LEN(SUBSTITUTE(D21,"@",""))=1,ISNUMBER(SEARCH(".",D21,SEARCH("@",D21))),ISERROR(SEARCH(" ",D21))),"Valid","Invalid"))) -> Valid | R21: =IF(E21="","Missing",IF(COUNTIF($E$2:$E$207,E21)>1,"Duplicate",IF(AND(LEN(E21)=16,LEFT(E21,5)="+63 9"),"Valid","Check"))) -> Valid | S21: =IF(AND(Q21="Valid",R21="Valid",N21<>""),"Complete","Needs follow-up") -> Complete | T21: R242
A22: BHG-10021 | B22: Jerome | C22: Ocampo | D22: jerome.ocampo@mail.example.com | E22: +63 927 555 4463 | F22: Naga City | G22: Camarines Sur | H22: WEB + POS | I22: 45154 | J22: 46020 | K22: 7 | L22: 6620 | M22: =IFERROR(L22/K22,0) -> 945.71429 | N22: No | O22: =IF(J22="","",AsOfDate-J22) -> 275 | P22: =IF(A22="","",IF(AsOfDate-I22<=90,"New",IF(AND(O22<=180,L22>=15000),"VIP",IF(O22<=180,"Regular",IF(O22<=365,"At risk","Lapsed"))))) -> At risk | Q22: =IF(D22="","Missing",IF(COUNTIF($D$2:$D$207,D22)>1,"Duplicate",IF(AND(LEN(D22)-LEN(SUBSTITUTE(D22,"@",""))=1,ISNUMBER(SEARCH(".",D22,SEARCH("@",D22))),ISERROR(SEARCH(" ",D22))),"Valid","Invalid"))) -> Valid | R22: =IF(E22="","Missing",IF(COUNTIF($E$2:$E$207,E22)>1,"Duplicate",IF(AND(LEN(E22)=16,LEFT(E22,5)="+63 9"),"Valid","Check"))) -> Valid | S22: =IF(AND(Q22="Valid",R22="Valid",N22<>""),"Complete","Needs follow-up") -> Complete | T22: R086, R226
A23: BHG-10022 | B23: Sarah | C23: Pascual | D23: sarah.pascual@mail.example.com | E23: +63 998 555 7907 | F23: Daet | G23: Camarines Norte | H23: POS | I23: 45167 | J23: 46091 | K23: 7 | L23: 4580 | M23: =IFERROR(L23/K23,0) -> 654.28571 | N23: Yes | O23: =IF(J23="","",AsOfDate-J23) -> 204 | P23: =IF(A23="","",IF(AsOfDate-I23<=90,"New",IF(AND(O23<=180,L23>=15000),"VIP",IF(O23<=180,"Regular",IF(O23<=365,"At risk","Lapsed"))))) -> At risk | Q23: =IF(D23="","Missing",IF(COUNTIF($D$2:$D$207,D23)>1,"Duplicate",IF(AND(LEN(D23)-LEN(SUBSTITUTE(D23,"@",""))=1,ISNUMBER(SEARCH(".",D23,SEARCH("@",D23))),ISERROR(SEARCH(" ",D23))),"Valid","Invalid"))) -> Valid | R23: =IF(E23="","Missing",IF(COUNTIF($E$2:$E$207,E23)>1,"Duplicate",IF(AND(LEN(E23)=16,LEFT(E23,5)="+63 9"),"Valid","Check"))) -> Valid | S23: =IF(AND(Q23="Valid",R23="Valid",N23<>""),"Complete","Needs follow-up") -> Complete | T23: R243
A24: BHG-10023 | B24: Ivan | C24: Navarro | D24: ivan.navarro@example.com | E24: +63 918 555 8417 | F24: Sorsogon City | G24: Sorsogon | H24: FB | I24: 45171 | J24: 46064 | K24: 5 | L24: 7960 | M24: =IFERROR(L24/K24,0) -> 1592 | O24: =IF(J24="","",AsOfDate-J24) -> 231 | P24: =IF(A24="","",IF(AsOfDate-I24<=90,"New",IF(AND(O24<=180,L24>=15000),"VIP",IF(O24<=180,"Regular",IF(O24<=365,"At risk","Lapsed"))))) -> At risk | Q24: =IF(D24="","Missing",IF(COUNTIF($D$2:$D$207,D24)>1,"Duplicate",IF(AND(LEN(D24)-LEN(SUBSTITUTE(D24,"@",""))=1,ISNUMBER(SEARCH(".",D24,SEARCH("@",D24))),ISERROR(SEARCH(" ",D24))),"Valid","Invalid"))) -> Valid | R24: =IF(E24="","Missing",IF(COUNTIF($E$2:$E$207,E24)>1,"Duplicate",IF(AND(LEN(E24)=16,LEFT(E24,5)="+63 9"),"Valid","Check"))) -> Valid | S24: =IF(AND(Q24="Valid",R24="Valid",N24<>""),"Complete","Needs follow-up") -> Needs follow-up | T24: R118
A25: BHG-10024 | B25: Odette | C25: Gonzales | D25: odette.gonzales@example.org | E25: +63 954 555 6686 | F25: Pili | G25: Camarines Sur | H25: WEB | I25: 45175 | J25: 45974 | K25: 9 | L25: 11010 | M25: =IFERROR(L25/K25,0) -> 1223.3333 | N25: Yes | O25: =IF(J25="","",AsOfDate-J25) -> 321 | P25: =IF(A25="","",IF(AsOfDate-I25<=90,"New",IF(AND(O25<=180,L25>=15000),"VIP",IF(O25<=180,"Regular",IF(O25<=365,"At risk","Lapsed"))))) -> At risk | Q25: =IF(D25="","Missing",IF(COUNTIF($D$2:$D$207,D25)>1,"Duplicate",IF(AND(LEN(D25)-LEN(SUBSTITUTE(D25,"@",""))=1,ISNUMBER(SEARCH(".",D25,SEARCH("@",D25))),ISERROR(SEARCH(" ",D25))),"Valid","Invalid"))) -> Valid | R25: =IF(E25="","Missing",IF(COUNTIF($E$2:$E$207,E25)>1,"Duplicate",IF(AND(LEN(E25)=16,LEFT(E25,5)="+63 9"),"Valid","Check"))) -> Valid | S25: =IF(AND(Q25="Valid",R25="Valid",N25<>""),"Complete","Needs follow-up") -> Complete | T25: R078
A26: BHG-10025 | B26: Tristan | C26: Morales | D26: tristan.morales@example.com | E26: +63 998 555 6749 | F26: Virac | G26: Catanduanes | H26: WEB | I26: 45175 | J26: 45955 | K26: 8 | L26: 5520 | M26: =IFERROR(L26/K26,0) -> 690 | N26: Yes | O26: =IF(J26="","",AsOfDate-J26) -> 340 | P26: =IF(A26="","",IF(AsOfDate-I26<=90,"New",IF(AND(O26<=180,L26>=15000),"VIP",IF(O26<=180,"Regular",IF(O26<=365,"At risk","Lapsed"))))) -> At risk | Q26: =IF(D26="","Missing",IF(COUNTIF($D$2:$D$207,D26)>1,"Duplicate",IF(AND(LEN(D26)-LEN(SUBSTITUTE(D26,"@",""))=1,ISNUMBER(SEARCH(".",D26,SEARCH("@",D26))),ISERROR(SEARCH(" ",D26))),"Valid","Invalid"))) -> Valid | R26: =IF(E26="","Missing",IF(COUNTIF($E$2:$E$207,E26)>1,"Duplicate",IF(AND(LEN(E26)=16,LEFT(E26,5)="+63 9"),"Valid","Check"))) -> Valid | S26: =IF(AND(Q26="Valid",R26="Valid",N26<>""),"Complete","Needs follow-up") -> Complete | T26: R040
A27: BHG-10026 | B27: Edwin | C27: Valdez | D27: edwin.valdez@example.com | E27: +63 928 555 4401 | F27: Naga City | G27: Camarines Sur | H27: WEB | I27: 45176 | J27: 46194 | K27: 14 | L27: 22620 | M27: =IFERROR(L27/K27,0) -> 1615.7143 | N27: Yes | O27: =IF(J27="","",AsOfDate-J27) -> 101 | P27: =IF(A27="","",IF(AsOfDate-I27<=90,"New",IF(AND(O27<=180,L27>=15000),"VIP",IF(O27<=180,"Regular",IF(O27<=365,"At risk","Lapsed"))))) -> VIP | Q27: =IF(D27="","Missing",IF(COUNTIF($D$2:$D$207,D27)>1,"Duplicate",IF(AND(LEN(D27)-LEN(SUBSTITUTE(D27,"@",""))=1,ISNUMBER(SEARCH(".",D27,SEARCH("@",D27))),ISERROR(SEARCH(" ",D27))),"Valid","Invalid"))) -> Valid | R27: =IF(E27="","Missing",IF(COUNTIF($E$2:$E$207,E27)>1,"Duplicate",IF(AND(LEN(E27)=16,LEFT(E27,5)="+63 9"),"Valid","Check"))) -> Valid | S27: =IF(AND(Q27="Valid",R27="Valid",N27<>""),"Complete","Needs follow-up") -> Complete | T27: R003
A28: BHG-10027 | B28: Precious | C28: Nolasco | D28: precious.nolasco@example.com | E28: +63 918 555 0963 | F28: Daraga | G28: Albay | H28: FB | I28: 45176 | J28: 46166 | K28: 8 | L28: 11660 | M28: =IFERROR(L28/K28,0) -> 1457.5 | N28: No | O28: =IF(J28="","",AsOfDate-J28) -> 129 | P28: =IF(A28="","",IF(AsOfDate-I28<=90,"New",IF(AND(O28<=180,L28>=15000),"VIP",IF(O28<=180,"Regular",IF(O28<=365,"At risk","Lapsed"))))) -> Regular | Q28: =IF(D28="","Missing",IF(COUNTIF($D$2:$D$207,D28)>1,"Duplicate",IF(AND(LEN(D28)-LEN(SUBSTITUTE(D28,"@",""))=1,ISNUMBER(SEARCH(".",D28,SEARCH("@",D28))),ISERROR(SEARCH(" ",D28))),"Valid","Invalid"))) -> Valid | R28: =IF(E28="","Missing",IF(COUNTIF($E$2:$E$207,E28)>1,"Duplicate",IF(AND(LEN(E28)=16,LEFT(E28,5)="+63 9"),"Valid","Check"))) -> Valid | S28: =IF(AND(Q28="Valid",R28="Valid",N28<>""),"Complete","Needs follow-up") -> Complete | T28: R110
A29: BHG-10028 | B29: Cedric | C29: De Leon | D29: cedric.deleon@mail.example.com | E29: +63 919 555 3704 | F29: Legazpi City | G29: Albay | H29: WEB + FB | I29: 45180 | J29: 46072 | K29: 8 | L29: 10880 | M29: =IFERROR(L29/K29,0) -> 1360 | N29: No | O29: =IF(J29="","",AsOfDate-J29) -> 223 | P29: =IF(A29="","",IF(AsOfDate-I29<=90,"New",IF(AND(O29<=180,L29>=15000),"VIP",IF(O29<=180,"Regular",IF(O29<=365,"At risk","Lapsed"))))) -> At risk | Q29: =IF(D29="","Missing",IF(COUNTIF($D$2:$D$207,D29)>1,"Duplicate",IF(AND(LEN(D29)-LEN(SUBSTITUTE(D29,"@",""))=1,ISNUMBER(SEARCH(".",D29,SEARCH("@",D29))),ISERROR(SEARCH(" ",D29))),"Valid","Invalid"))) -> Valid | R29: =IF(E29="","Missing",IF(COUNTIF($E$2:$E$207,E29)>1,"Duplicate",IF(AND(LEN(E29)=16,LEFT(E29,5)="+63 9"),"Valid","Check"))) -> Valid | S29: =IF(AND(Q29="Valid",R29="Valid",N29<>""),"Complete","Needs follow-up") -> Complete | T29: R097, R185
A30: BHG-10029 | B30: Edwin | C30: Tolentino | E30: +63 995 555 6521 | F30: Naga City | G30: Camarines Sur | H30: FB | I30: 45181 | J30: 46058 | K30: 4 | L30: 4230 | M30: =IFERROR(L30/K30,0) -> 1057.5 | N30: Yes | O30: =IF(J30="","",AsOfDate-J30) -> 237 | P30: =IF(A30="","",IF(AsOfDate-I30<=90,"New",IF(AND(O30<=180,L30>=15000),"VIP",IF(O30<=180,"Regular",IF(O30<=365,"At risk","Lapsed"))))) -> At risk | Q30: =IF(D30="","Missing",IF(COUNTIF($D$2:$D$207,D30)>1,"Duplicate",IF(AND(LEN(D30)-LEN(SUBSTITUTE(D30,"@",""))=1,ISNUMBER(SEARCH(".",D30,SEARCH("@",D30))),ISERROR(SEARCH(" ",D30))),"Valid","Invalid"))) -> Missing | R30: =IF(E30="","Missing",IF(COUNTIF($E$2:$E$207,E30)>1,"Duplicate",IF(AND(LEN(E30)=16,LEFT(E30,5)="+63 9"),"Valid","Check"))) -> Valid | S30: =IF(AND(Q30="Valid",R30="Valid",N30<>""),"Complete","Needs follow-up") -> Needs follow-up | T30: R172
A31: BHG-10030 | B31: Tristan | C31: Sison | D31: tristan.sison@example.org | E31: +63 954 555 1403 | F31: Masbate City | G31: Masbate | H31: WEB | I31: 45183 | J31: 46286 | K31: 22 | L31: 28050 | M31: =IFERROR(L31/K31,0) -> 1275 | N31: Yes | O31: =IF(J31="","",AsOfDate-J31) -> 9 | P31: =IF(A31="","",IF(AsOfDate-I31<=90,"New",IF(AND(O31<=180,L31>=15000),"VIP",IF(O31<=180,"Regular",IF(O31<=365,"At risk","Lapsed"))))) -> VIP | Q31: =IF(D31="","Missing",IF(COUNTIF($D$2:$D$207,D31)>1,"Duplicate",IF(AND(LEN(D31)-LEN(SUBSTITUTE(D31,"@",""))=1,ISNUMBER(SEARCH(".",D31,SEARCH("@",D31))),ISERROR(SEARCH(" ",D31))),"Valid","Invalid"))) -> Valid | R31: =IF(E31="","Missing",IF(COUNTIF($E$2:$E$207,E31)>1,"Duplicate",IF(AND(LEN(E31)=16,LEFT(E31,5)="+63 9"),"Valid","Check"))) -> Valid | S31: =IF(AND(Q31="Valid",R31="Valid",N31<>""),"Complete","Needs follow-up") -> Complete | T31: R002
A32: BHG-10031 | B32: Xander | C32: Torres | D32: xander.torres@example.com | E32: +63 995 555 6206 | F32: Naga City | G32: Camarines Sur | H32: FB | I32: 45190 | J32: 45858 | K32: 2 | L32: 2460 | M32: =IFERROR(L32/K32,0) -> 1230 | N32: Yes | O32: =IF(J32="","",AsOfDate-J32) -> 437 | P32: =IF(A32="","",IF(AsOfDate-I32<=90,"New",IF(AND(O32<=180,L32>=15000),"VIP",IF(O32<=180,"Regular",IF(O32<=365,"At risk","Lapsed"))))) -> Lapsed | Q32: =IF(D32="","Missing",IF(COUNTIF($D$2:$D$207,D32)>1,"Duplicate",IF(AND(LEN(D32)-LEN(SUBSTITUTE(D32,"@",""))=1,ISNUMBER(SEARCH(".",D32,SEARCH("@",D32))),ISERROR(SEARCH(" ",D32))),"Valid","Invalid"))) -> Valid | R32: =IF(E32="","Missing",IF(COUNTIF($E$2:$E$207,E32)>1,"Duplicate",IF(AND(LEN(E32)=16,LEFT(E32,5)="+63 9"),"Valid","Check"))) -> Valid | S32: =IF(AND(Q32="Valid",R32="Valid",N32<>""),"Complete","Needs follow-up") -> Complete | T32: R126
A33: BHG-10032 | B33: Wendy | C33: Tan | D33: wendy.tan@example.com | E33: +63 928 555 3453 | F33: Naga City | G33: Camarines Sur | H33: WEB | I33: 45196 | J33: 46237 | K33: 8 | L33: 7990 | M33: =IFERROR(L33/K33,0) -> 998.75 | N33: Yes | O33: =IF(J33="","",AsOfDate-J33) -> 58 | P33: =IF(A33="","",IF(AsOfDate-I33<=90,"New",IF(AND(O33<=180,L33>=15000),"VIP",IF(O33<=180,"Regular",IF(O33<=365,"At risk","Lapsed"))))) -> Regular | Q33: =IF(D33="","Missing",IF(COUNTIF($D$2:$D$207,D33)>1,"Duplicate",IF(AND(LEN(D33)-LEN(SUBSTITUTE(D33,"@",""))=1,ISNUMBER(SEARCH(".",D33,SEARCH("@",D33))),ISERROR(SEARCH(" ",D33))),"Valid","Invalid"))) -> Valid | R33: =IF(E33="","Missing",IF(COUNTIF($E$2:$E$207,E33)>1,"Duplicate",IF(AND(LEN(E33)=16,LEFT(E33,5)="+63 9"),"Valid","Check"))) -> Valid | S33: =IF(AND(Q33="Valid",R33="Valid",N33<>""),"Complete","Needs follow-up") -> Complete | T33: R063
A34: BHG-10033 | B34: Wendy | C34: Dimaculangan | D34: wendy.dimaculangan@example.com | E34: +63 928 555 6822 | F34: Naga City | G34: Camarines Sur | H34: FB + POS | I34: 45197 | J34: 45619 | K34: 5 | L34: 4580 | M34: =IFERROR(L34/K34,0) -> 916 | N34: No | O34: =IF(J34="","",AsOfDate-J34) -> 676 | P34: =IF(A34="","",IF(AsOfDate-I34<=90,"New",IF(AND(O34<=180,L34>=15000),"VIP",IF(O34<=180,"Regular",IF(O34<=365,"At risk","Lapsed"))))) -> Lapsed | Q34: =IF(D34="","Missing",IF(COUNTIF($D$2:$D$207,D34)>1,"Duplicate",IF(AND(LEN(D34)-LEN(SUBSTITUTE(D34,"@",""))=1,ISNUMBER(SEARCH(".",D34,SEARCH("@",D34))),ISERROR(SEARCH(" ",D34))),"Valid","Invalid"))) -> Valid | R34: =IF(E34="","Missing",IF(COUNTIF($E$2:$E$207,E34)>1,"Duplicate",IF(AND(LEN(E34)=16,LEFT(E34,5)="+63 9"),"Valid","Check"))) -> Valid | S34: =IF(AND(Q34="Valid",R34="Valid",N34<>""),"Complete","Needs follow-up") -> Complete | T34: R167, R257
A35: BHG-10034 | B35: Mark | C35: Gonzales | D35: mark.gonzales@example.com | E35: +63 945 555 2257 | F35: Sorsogon City | G35: Sorsogon | H35: FB | I35: 45203 | J35: 46208 | K35: 8 | L35: 7450 | M35: =IFERROR(L35/K35,0) -> 931.25 | N35: No | O35: =IF(J35="","",AsOfDate-J35) -> 87 | P35: =IF(A35="","",IF(AsOfDate-I35<=90,"New",IF(AND(O35<=180,L35>=15000),"VIP",IF(O35<=180,"Regular",IF(O35<=365,"At risk","Lapsed"))))) -> Regular | Q35: =IF(D35="","Missing",IF(COUNTIF($D$2:$D$207,D35)>1,"Duplicate",IF(AND(LEN(D35)-LEN(SUBSTITUTE(D35,"@",""))=1,ISNUMBER(SEARCH(".",D35,SEARCH("@",D35))),ISERROR(SEARCH(" ",D35))),"Valid","Invalid"))) -> Valid | R35: =IF(E35="","Missing",IF(COUNTIF($E$2:$E$207,E35)>1,"Duplicate",IF(AND(LEN(E35)=16,LEFT(E35,5)="+63 9"),"Valid","Check"))) -> Valid | S35: =IF(AND(Q35="Valid",R35="Valid",N35<>""),"Complete","Needs follow-up") -> Complete | T35: R134
A36: BHG-10035 | B36: Oscar | C36: Quiambao | D36: oscar.quiambao@example.net | E36: +63 928 555 5585 | F36: Tabaco City | G36: Albay | H36: FB + POS | I36: 45205 | J36: 46079 | K36: 6 | L36: 9220 | M36: =IFERROR(L36/K36,0) -> 1536.6667 | N36: Yes | O36: =IF(J36="","",AsOfDate-J36) -> 216 | P36: =IF(A36="","",IF(AsOfDate-I36<=90,"New",IF(AND(O36<=180,L36>=15000),"VIP",IF(O36<=180,"Regular",IF(O36<=365,"At risk","Lapsed"))))) -> At risk | Q36: =IF(D36="","Missing",IF(COUNTIF($D$2:$D$207,D36)>1,"Duplicate",IF(AND(LEN(D36)-LEN(SUBSTITUTE(D36,"@",""))=1,ISNUMBER(SEARCH(".",D36,SEARCH("@",D36))),ISERROR(SEARCH(" ",D36))),"Valid","Invalid"))) -> Valid | R36: =IF(E36="","Missing",IF(COUNTIF($E$2:$E$207,E36)>1,"Duplicate",IF(AND(LEN(E36)=16,LEFT(E36,5)="+63 9"),"Valid","Check"))) -> Valid | S36: =IF(AND(Q36="Valid",R36="Valid",N36<>""),"Complete","Needs follow-up") -> Complete | T36: R125, R192
A37: BHG-10036 | B37: Zaldy | C37: Obsuna | D37: zaldy.obsuna@example.com | E37: +63 961 555 1192 | F37: Legazpi City | G37: Albay | H37: WEB | I37: 45206 | J37: 46177 | K37: 17 | L37: 21010 | M37: =IFERROR(L37/K37,0) -> 1235.8824 | N37: No | O37: =IF(J37="","",AsOfDate-J37) -> 118 | P37: =IF(A37="","",IF(AsOfDate-I37<=90,"New",IF(AND(O37<=180,L37>=15000),"VIP",IF(O37<=180,"Regular",IF(O37<=365,"At risk","Lapsed"))))) -> VIP | Q37: =IF(D37="","Missing",IF(COUNTIF($D$2:$D$207,D37)>1,"Duplicate",IF(AND(LEN(D37)-LEN(SUBSTITUTE(D37,"@",""))=1,ISNUMBER(SEARCH(".",D37,SEARCH("@",D37))),ISERROR(SEARCH(" ",D37))),"Valid","Invalid"))) -> Valid | R37: =IF(E37="","Missing",IF(COUNTIF($E$2:$E$207,E37)>1,"Duplicate",IF(AND(LEN(E37)=16,LEFT(E37,5)="+63 9"),"Valid","Check"))) -> Valid | S37: =IF(AND(Q37="Valid",R37="Valid",N37<>""),"Complete","Needs follow-up") -> Complete | T37: R028
A38: BHG-10037 | B38: Mia | C38: Fernandez | D38: mia.fernandez@example.com | E38: +63 927 555 4680 | F38: Naga City | G38: Camarines Sur | H38: POS | I38: 45212 | J38: 46181 | K38: 15 | L38: 24400 | M38: =IFERROR(L38/K38,0) -> 1626.6667 | N38: Yes | O38: =IF(J38="","",AsOfDate-J38) -> 114 | P38: =IF(A38="","",IF(AsOfDate-I38<=90,"New",IF(AND(O38<=180,L38>=15000),"VIP",IF(O38<=180,"Regular",IF(O38<=365,"At risk","Lapsed"))))) -> VIP | Q38: =IF(D38="","Missing",IF(COUNTIF($D$2:$D$207,D38)>1,"Duplicate",IF(AND(LEN(D38)-LEN(SUBSTITUTE(D38,"@",""))=1,ISNUMBER(SEARCH(".",D38,SEARCH("@",D38))),ISERROR(SEARCH(" ",D38))),"Valid","Invalid"))) -> Valid | R38: =IF(E38="","Missing",IF(COUNTIF($E$2:$E$207,E38)>1,"Duplicate",IF(AND(LEN(E38)=16,LEFT(E38,5)="+63 9"),"Valid","Check"))) -> Valid | S38: =IF(AND(Q38="Valid",R38="Valid",N38<>""),"Complete","Needs follow-up") -> Complete | T38: R237
A39: BHG-10038 | B39: Rodel | C39: Sison | D39: rodel.sison@example.net | E39: +63 945 555 2777 | F39: Daet | G39: Camarines Norte | H39: WEB | I39: 45214 | J39: 46092 | K39: 5 | L39: 7020 | M39: =IFERROR(L39/K39,0) -> 1404 | N39: Yes | O39: =IF(J39="","",AsOfDate-J39) -> 203 | P39: =IF(A39="","",IF(AsOfDate-I39<=90,"New",IF(AND(O39<=180,L39>=15000),"VIP",IF(O39<=180,"Regular",IF(O39<=365,"At risk","Lapsed"))))) -> At risk | Q39: =IF(D39="","Missing",IF(COUNTIF($D$2:$D$207,D39)>1,"Duplicate",IF(AND(LEN(D39)-LEN(SUBSTITUTE(D39,"@",""))=1,ISNUMBER(SEARCH(".",D39,SEARCH("@",D39))),ISERROR(SEARCH(" ",D39))),"Valid","Invalid"))) -> Valid | R39: =IF(E39="","Missing",IF(COUNTIF($E$2:$E$207,E39)>1,"Duplicate",IF(AND(LEN(E39)=16,LEFT(E39,5)="+63 9"),"Valid","Check"))) -> Valid | S39: =IF(AND(Q39="Valid",R39="Valid",N39<>""),"Complete","Needs follow-up") -> Complete | T39: R094
A40: BHG-10039 | B40: Carlo | C40: Rivera | D40: carlo.rivera@example.com | E40: +63 920 555 0814 | F40: Legazpi City | G40: Albay | H40: FB | I40: 45225 | J40: 46093 | K40: 6 | L40: 5540 | M40: =IFERROR(L40/K40,0) -> 923.33333 | N40: Yes | O40: =IF(J40="","",AsOfDate-J40) -> 202 | P40: =IF(A40="","",IF(AsOfDate-I40<=90,"New",IF(AND(O40<=180,L40>=15000),"VIP",IF(O40<=180,"Regular",IF(O40<=365,"At risk","Lapsed"))))) -> At risk | Q40: =IF(D40="","Missing",IF(COUNTIF($D$2:$D$207,D40)>1,"Duplicate",IF(AND(LEN(D40)-LEN(SUBSTITUTE(D40,"@",""))=1,ISNUMBER(SEARCH(".",D40,SEARCH("@",D40))),ISERROR(SEARCH(" ",D40))),"Valid","Invalid"))) -> Valid | R40: =IF(E40="","Missing",IF(COUNTIF($E$2:$E$207,E40)>1,"Duplicate",IF(AND(LEN(E40)=16,LEFT(E40,5)="+63 9"),"Valid","Check"))) -> Valid | S40: =IF(AND(Q40="Valid",R40="Valid",N40<>""),"Complete","Needs follow-up") -> Complete | T40: R114
A41: BHG-10040 | B41: Vince | C41: Roxas | D41: vince.roxas@example.com | E41: +63 977 555 2938 | F41: Naga City | G41: Camarines Sur | H41: POS | I41: 45229 | J41: 45507 | K41: 3 | L41: 4580 | M41: =IFERROR(L41/K41,0) -> 1526.6667 | N41: Yes | O41: =IF(J41="","",AsOfDate-J41) -> 788 | P41: =IF(A41="","",IF(AsOfDate-I41<=90,"New",IF(AND(O41<=180,L41>=15000),"VIP",IF(O41<=180,"Regular",IF(O41<=365,"At risk","Lapsed"))))) -> Lapsed | Q41: =IF(D41="","Missing",IF(COUNTIF($D$2:$D$207,D41)>1,"Duplicate",IF(AND(LEN(D41)-LEN(SUBSTITUTE(D41,"@",""))=1,ISNUMBER(SEARCH(".",D41,SEARCH("@",D41))),ISERROR(SEARCH(" ",D41))),"Valid","Invalid"))) -> Valid | R41: =IF(E41="","Missing",IF(COUNTIF($E$2:$E$207,E41)>1,"Duplicate",IF(AND(LEN(E41)=16,LEFT(E41,5)="+63 9"),"Valid","Check"))) -> Valid | S41: =IF(AND(Q41="Valid",R41="Valid",N41<>""),"Complete","Needs follow-up") -> Complete | T41: R204
A42: BHG-10041 | B42: Owen | C42: Galang | D42: owen.galang@example.net | E42: +63 927 555 1033 | F42: Naga City | G42: Camarines Sur | H42: POS | I42: 45230 | J42: 46155 | K42: 11 | L42: 14320 | M42: =IFERROR(L42/K42,0) -> 1301.8182 | N42: Yes | O42: =IF(J42="","",AsOfDate-J42) -> 140 | P42: =IF(A42="","",IF(AsOfDate-I42<=90,"New",IF(AND(O42<=180,L42>=15000),"VIP",IF(O42<=180,"Regular",IF(O42<=365,"At risk","Lapsed"))))) -> Regular | Q42: =IF(D42="","Missing",IF(COUNTIF($D$2:$D$207,D42)>1,"Duplicate",IF(AND(LEN(D42)-LEN(SUBSTITUTE(D42,"@",""))=1,ISNUMBER(SEARCH(".",D42,SEARCH("@",D42))),ISERROR(SEARCH(" ",D42))),"Valid","Invalid"))) -> Valid | R42: =IF(E42="","Missing",IF(COUNTIF($E$2:$E$207,E42)>1,"Duplicate",IF(AND(LEN(E42)=16,LEFT(E42,5)="+63 9"),"Valid","Check"))) -> Valid | S42: =IF(AND(Q42="Valid",R42="Valid",N42<>""),"Complete","Needs follow-up") -> Complete | T42: R224
... A45: BHG-10044 | B45: Tess | C45: Torres | D45: tess.torres@mail.example.com | E45: +63 961 555 8712 | F45: Daet | G45: Camarines Norte | H45: WEB + POS | I45: 45240 | J45: 46022 | K45: 3 | L45: 2700 | M45: =IFERROR(L45/K45,0) -> 900 | N45: Yes | O45: =IF(J45="","",AsOfDate-J45) -> 273 | P45: =IF(A45="","",IF(AsOfDate-I45<=90,"New",IF(AND(O45<=180,L45>=15000),"VIP",IF(O45<=180,"Regular",IF(O45<=365,"At risk","Lapsed"))))) -> At risk | Q45: =IF(D45="","Missing",IF(COUNTIF($D$2:$D$207,D45)>1,"Duplicate",IF(AND(LEN(D45)-LEN(SUBSTITUTE(D45,"@",""))=1,ISNUMBER(SEARCH(".",D45,SEARCH("@",D45))),ISERROR(SEARCH(" ",D45))),"Valid","Invalid"))) -> Valid | R45: =IF(E45="","Missing",IF(COUNTIF($E$2:$E$207,E45)>1,"Duplicate",IF(AND(LEN(E45)=16,LEFT(E45,5)="+63 9"),"Valid","Check"))) -> Valid | S45: =IF(AND(Q45="Valid",R45="Valid",N45<>""),"Complete","Needs follow-up") -> Complete | T45: R037, R264
A46: BHG-10045 | B46: Wilma | C46: Roxas | E46: +63 998 555 3127 | F46: Naga City | G46: Camarines Sur | H46: FB | I46: 45254 | J46: 45559 | K46: 5 | L46: 7580 | M46: =IFERROR(L46/K46,0) -> 1516 | N46: Yes | O46: =IF(J46="","",AsOfDate-J46) -> 736 | P46: =IF(A46="","",IF(AsOfDate-I46<=90,"New",IF(AND(O46<=180,L46>=15000),"VIP",IF(O46<=180,"Regular",IF(O46<=365,"At risk","Lapsed"))))) -> Lapsed | Q46: =IF(D46="","Missing",IF(COUNTIF($D$2:$D$207,D46)>1,"Duplicate",IF(AND(LEN(D46)-LEN(SUBSTITUTE(D46,"@",""))=1,ISNUMBER(SEARCH(".",D46,SEARCH("@",D46))),ISERROR(SEARCH(" ",D46))),"Valid","Invalid"))) -> Missing | R46: =IF(E46="","Missing",IF(COUNTIF($E$2:$E$207,E46)>1,"Duplicate",IF(AND(LEN(E46)=16,LEFT(E46,5)="+63 9"),"Valid","Check"))) -> Valid | S46: =IF(AND(Q46="Valid",R46="Valid",N46<>""),"Complete","Needs follow-up") -> Needs follow-up | T46: R155
A47: BHG-10046 | B47: Zaldy | C47: Morales | D47: zaldy.morales@example.com | E47: +63 977 555 6014 | F47: Naga City | G47: Camarines Sur | H47: WEB + FB | I47: 45254 | J47: 46201 | K47: 7 | L47: 5110 | M47: =IFERROR(L47/K47,0) -> 730 | N47: Yes | O47: =IF(J47="","",AsOfDate-J47) -> 94 | P47: =IF(A47="","",IF(AsOfDate-I47<=90,"New",IF(AND(O47<=180,L47>=15000),"VIP",IF(O47<=180,"Regular",IF(O47<=365,"At risk","Lapsed"))))) -> Regular | Q47: =IF(D47="","Missing",IF(COUNTIF($D$2:$D$207,D47)>1,"Duplicate",IF(AND(LEN(D47)-LEN(SUBSTITUTE(D47,"@",""))=1,ISNUMBER(SEARCH(".",D47,SEARCH("@",D47))),ISERROR(SEARCH(" ",D47))),"Valid","Invalid"))) -> Valid | R47: =IF(E47="","Missing",IF(COUNTIF($E$2:$E$207,E47)>1,"Duplicate",IF(AND(LEN(E47)=16,LEFT(E47,5)="+63 9"),"Valid","Check"))) -> Valid | S47: =IF(AND(Q47="Valid",R47="Valid",N47<>""),"Complete","Needs follow-up") -> Complete | T47: R047, R129
A48: BHG-10047 | B48: Marites | C48: Lualhati | D48: mlualhati41@example.com | E48: +63 998 555 0148 | F48: Naga City | G48: Camarines Sur | H48: WEB | I48: 45256 | J48: 46253 | K48: 9 | L48: 7940 | M48: =IFERROR(L48/K48,0) -> 882.22222 | N48: Yes | O48: =IF(J48="","",AsOfDate-J48) -> 42 | P48: =IF(A48="","",IF(AsOfDate-I48<=90,"New",IF(AND(O48<=180,L48>=15000),"VIP",IF(O48<=180,"Regular",IF(O48<=365,"At risk","Lapsed"))))) -> Regular | Q48: =IF(D48="","Missing",IF(COUNTIF($D$2:$D$207,D48)>1,"Duplicate",IF(AND(LEN(D48)-LEN(SUBSTITUTE(D48,"@",""))=1,ISNUMBER(SEARCH(".",D48,SEARCH("@",D48))),ISERROR(SEARCH(" ",D48))),"Valid","Invalid"))) -> Valid | R48: =IF(E48="","Missing",IF(COUNTIF($E$2:$E$207,E48)>1,"Duplicate",IF(AND(LEN(E48)=16,LEFT(E48,5)="+63 9"),"Valid","Check"))) -> Valid | S48: =IF(AND(Q48="Valid",R48="Valid",N48<>""),"Complete","Needs follow-up") -> Complete | T48: R061
A49: BHG-10048 | B49: Mark | C49: Dizon | D49: mark.dizon@example.com | E49: +63 945 555 6838 | F49: Naga City | G49: Camarines Sur | H49: WEB | I49: 45256 | J49: 45256 | K49: 1 | L49: 930 | M49: =IFERROR(L49/K49,0) -> 930 | N49: Yes | O49: =IF(J49="","",AsOfDate-J49) -> 1039 | P49: =IF(A49="","",IF(AsOfDate-I49<=90,"New",IF(AND(O49<=180,L49>=15000),"VIP",IF(O49<=180,"Regular",IF(O49<=365,"At risk","Lapsed"))))) -> Lapsed | Q49: =IF(D49="","Missing",IF(COUNTIF($D$2:$D$207,D49)>1,"Duplicate",IF(AND(LEN(D49)-LEN(SUBSTITUTE(D49,"@",""))=1,ISNUMBER(SEARCH(".",D49,SEARCH("@",D49))),ISERROR(SEARCH(" ",D49))),"Valid","Invalid"))) -> Valid | R49: =IF(E49="","Missing",IF(COUNTIF($E$2:$E$207,E49)>1,"Duplicate",IF(AND(LEN(E49)=16,LEFT(E49,5)="+63 9"),"Valid","Check"))) -> Valid | S49: =IF(AND(Q49="Valid",R49="Valid",N49<>""),"Complete","Needs follow-up") -> Complete | T49: R109
A50: BHG-10049 | B50: Patrick | C50: Magno | D50: patrick.magno@example.com | E50: +63 977 555 0749 | F50: Legazpi City | G50: Albay | H50: WEB | I50: 45265 | J50: 46258 | K50: 31 | L50: 35150 | M50: =IFERROR(L50/K50,0) -> 1133.871 | N50: Yes | O50: =IF(J50="","",AsOfDate-J50) -> 37 | P50: =IF(A50="","",IF(AsOfDate-I50<=90,"New",IF(AND(O50<=180,L50>=15000),"VIP",IF(O50<=180,"Regular",IF(O50<=365,"At risk","Lapsed"))))) -> VIP | Q50: =IF(D50="","Missing",IF(COUNTIF($D$2:$D$207,D50)>1,"Duplicate",IF(AND(LEN(D50)-LEN(SUBSTITUTE(D50,"@",""))=1,ISNUMBER(SEARCH(".",D50,SEARCH("@",D50))),ISERROR(SEARCH(" ",D50))),"Valid","Invalid"))) -> Valid | R50: =IF(E50="","Missing",IF(COUNTIF($E$2:$E$207,E50)>1,"Duplicate",IF(AND(LEN(E50)=16,LEFT(E50,5)="+63 9"),"Valid","Check"))) -> Valid | S50: =IF(AND(Q50="Valid",R50="Valid",N50<>""),"Complete","Needs follow-up") -> Complete | T50: R034
A51: BHG-10050 | B51: Gerald | C51: Santos | D51: gerald.santos@example.com | E51: +63 995 555 4394 | F51: Naga City | G51: Camarines Sur | H51: WEB | I51: 45273 | J51: 45687 | K51: 2 | L51: 3250 | M51: =IFERROR(L51/K51,0) -> 1625 | N51: Yes | O51: =IF(J51="","",AsOfDate-J51) -> 608 | P51: =IF(A51="","",IF(AsOfDate-I51<=90,"New",IF(AND(O51<=180,L51>=15000),"VIP",IF(O51<=180,"Regular",IF(O51<=365,"At risk","Lapsed"))))) -> Lapsed | Q51: =IF(D51="","Missing",IF(COUNTIF($D$2:$D$207,D51)>1,"Duplicate",IF(AND(LEN(D51)-LEN(SUBSTITUTE(D51,"@",""))=1,ISNUMBER(SEARCH(".",D51,SEARCH("@",D51))),ISERROR(SEARCH(" ",D51))),"Valid","Invalid"))) -> Valid | R51: =IF(E51="","Missing",IF(COUNTIF($E$2:$E$207,E51)>1,"Duplicate",IF(AND(LEN(E51)=16,LEFT(E51,5)="+63 9"),"Valid","Check"))) -> Valid | S51: =IF(AND(Q51="Valid",R51="Valid",N51<>""),"Complete","Needs follow-up") -> Complete | T51: R014
A52: BHG-10051 | B52: Irene | C52: Lim | D52: irene.lim@example.net | E52: +63 954 555 1150 | F52: Naga City | G52: Camarines Sur | H52: POS | I52: 45278 | J52: 45696 | K52: 2 | L52: 2760 | M52: =IFERROR(L52/K52,0) -> 1380 | N52: No | O52: =IF(J52="","",AsOfDate-J52) -> 599 | P52: =IF(A52="","",IF(AsOfDate-I52<=90,"New",IF(AND(O52<=180,L52>=15000),"VIP",IF(O52<=180,"Regular",IF(O52<=365,"At risk","Lapsed"))))) -> Lapsed | Q52: =IF(D52="","Missing",IF(COUNTIF($D$2:$D$207,D52)>1,"Duplicate",IF(AND(LEN(D52)-LEN(SUBSTITUTE(D52,"@",""))=1,ISNUMBER(SEARCH(".",D52,SEARCH("@",D52))),ISERROR(SEARCH(" ",D52))),"Valid","Invalid"))) -> Valid | R52: =IF(E52="","Missing",IF(COUNTIF($E$2:$E$207,E52)>1,"Duplicate",IF(AND(LEN(E52)=16,LEFT(E52,5)="+63 9"),"Valid","Check"))) -> Valid | S52: =IF(AND(Q52="Valid",R52="Valid",N52<>""),"Complete","Needs follow-up") -> Complete | T52: R203
A53: BHG-10052 | B53: Tess | C53: Soriano | E53: +63 954 555 2665 | F53: Pili | G53: Camarines Sur | H53: POS | I53: 45278 | J53: 46041 | K53: 9 | L53: 14480 | M53: =IFERROR(L53/K53,0) -> 1608.8889 | N53: Yes | O53: =IF(J53="","",AsOfDate-J53) -> 254 | P53: =IF(A53="","",IF(AsOfDate-I53<=90,"New",IF(AND(O53<=180,L53>=15000),"VIP",IF(O53<=180,"Regular",IF(O53<=365,"At risk","Lapsed"))))) -> At risk | Q53: =IF(D53="","Missing",IF(COUNTIF($D$2:$D$207,D53)>1,"Duplicate",IF(AND(LEN(D53)-LEN(SUBSTITUTE(D53,"@",""))=1,ISNUMBER(SEARCH(".",D53,SEARCH("@",D53))),ISERROR(SEARCH(" ",D53))),"Valid","Invalid"))) -> Missing | R53: =IF(E53="","Missing",IF(COUNTIF($E$2:$E$207,E53)>1,"Duplicate",IF(AND(LEN(E53)=16,LEFT(E53,5)="+63 9"),"Valid","Check"))) -> Valid | S53: =IF(AND(Q53="Valid",R53="Valid",N53<>""),"Complete","Needs follow-up") -> Needs follow-up | T53: R200
A54: BHG-10053 | B54: Francis | C54: Lualhati | D54: francis.lualhati@example.com | E54: +63 939 555 1561 | F54: Legazpi City | G54: Albay | H54: POS | I54: 45282 | J54: 45282 | K54: 1 | L54: 1430 | M54: =IFERROR(L54/K54,0) -> 1430 | N54: No | O54: =IF(J54="","",AsOfDate-J54) -> 1013 | P54: =IF(A54="","",IF(AsOfDate-I54<=90,"New",IF(AND(O54<=180,L54>=15000),"VIP",IF(O54<=180,"Regular",IF(O54<=365,"At risk","Lapsed"))))) -> Lapsed | Q54: =IF(D54="","Missing",IF(COUNTIF($D$2:$D$207,D54)>1,"Duplicate",IF(AND(LEN(D54)-LEN(SUBSTITUTE(D54,"@",""))=1,ISNUMBER(SEARCH(".",D54,SEARCH("@",D54))),ISERROR(SEARCH(" ",D54))),"Valid","Invalid"))) -> Valid | R54: =IF(E54="","Missing",IF(COUNTIF($E$2:$E$207,E54)>1,"Duplicate",IF(AND(LEN(E54)=16,LEFT(E54,5)="+63 9"),"Valid","Check"))) -> Valid | S54: =IF(AND(Q54="Valid",R54="Valid",N54<>""),"Complete","Needs follow-up") -> Complete | T54: R197
A55: BHG-10054 | B55: Miguel | C55: Cruz | D55: miguel.cruz@example.com | E55: +63 919 555 6778 | F55: Virac | G55: Catanduanes | H55: WEB + FB | I55: 45286 | J55: 46222 | K55: 7 | L55: 12920 | M55: =IFERROR(L55/K55,0) -> 1845.7143 | N55: Yes | O55: =IF(J55="","",AsOfDate-J55) -> 73 | P55: =IF(A55="","",IF(AsOfDate-I55<=90,"New",IF(AND(O55<=180,L55>=15000),"VIP",IF(O55<=180,"Regular",IF(O55<=365,"At risk","Lapsed"))))) -> Regular | Q55: =IF(D55="","Missing",IF(COUNTIF($D$2:$D$207,D55)>1,"Duplicate",IF(AND(LEN(D55)-LEN(SUBSTITUTE(D55,"@",""))=1,ISNUMBER(SEARCH(".",D55,SEARCH("@",D55))),ISERROR(SEARCH(" ",D55))),"Valid","Invalid"))) -> Valid | R55: =IF(E55="","Missing",IF(COUNTIF($E$2:$E$207,E55)>1,"Duplicate",IF(AND(LEN(E55)=16,LEFT(E55,5)="+63 9"),"Valid","Check"))) -> Valid | S55: =IF(AND(Q55="Valid",R55="Valid",N55<>""),"Complete","Needs follow-up") -> Complete | T55: R006, R137
A56: BHG-10055 | B56: Rica | C56: Panganiban | E56: +63 928 555 3569 | F56: Legazpi City | G56: Albay | H56: POS | I56: 45295 | J56: 46000 | K56: 4 | L56: 4590 | M56: =IFERROR(L56/K56,0) -> 1147.5 | N56: Yes | O56: =IF(J56="","",AsOfDate-J56) -> 295 | P56: =IF(A56="","",IF(AsOfDate-I56<=90,"New",IF(AND(O56<=180,L56>=15000),"VIP",IF(O56<=180,"Regular",IF(O56<=365,"At risk","Lapsed"))))) -> At risk | Q56: =IF(D56="","Missing",IF(COUNTIF($D$2:$D$207,D56)>1,"Duplicate",IF(AND(LEN(D56)-LEN(SUBSTITUTE(D56,"@",""))=1,ISNUMBER(SEARCH(".",D56,SEARCH("@",D56))),ISERROR(SEARCH(" ",D56))),"Valid","Invalid"))) -> Missing | R56: =IF(E56="","Missing",IF(COUNTIF($E$2:$E$207,E56)>1,"Duplicate",IF(AND(LEN(E56)=16,LEFT(E56,5)="+63 9"),"Valid","Check"))) -> Valid | S56: =IF(AND(Q56="Valid",R56="Valid",N56<>""),"Complete","Needs follow-up") -> Needs follow-up | T56: R214
A57: BHG-10056 | B57: Aira | C57: Lacson | E57: +63 998 555 5918 | F57: Naga City | G57: Camarines Sur | H57: FB | I57: 45297 | J57: 46005 | K57: 2 | L57: 3740 | M57: =IFERROR(L57/K57,0) -> 1870 | N57: Yes | O57: =IF(J57="","",AsOfDate-J57) -> 290 | P57: =IF(A57="","",IF(AsOfDate-I57<=90,"New",IF(AND(O57<=180,L57>=15000),"VIP",IF(O57<=180,"Regular",IF(O57<=365,"At risk","Lapsed"))))) -> At risk | Q57: =IF(D57="","Missing",IF(COUNTIF($D$2:$D$207,D57)>1,"Duplicate",IF(AND(LEN(D57)-LEN(SUBSTITUTE(D57,"@",""))=1,ISNUMBER(SEARCH(".",D57,SEARCH("@",D57))),ISERROR(SEARCH(" ",D57))),"Valid","Invalid"))) -> Missing | R57: =IF(E57="","Missing",IF(COUNTIF($E$2:$E$207,E57)>1,"Duplicate",IF(AND(LEN(E57)=16,LEFT(E57,5)="+63 9"),"Valid","Check"))) -> Valid | S57: =IF(AND(Q57="Valid",R57="Valid",N57<>""),"Complete","Needs follow-up") -> Needs follow-up | T57: R159
A58: BHG-10057 | B58: Lara | C58: Flores | D58: lflores25@example.com | E58: +63 961 555 2883 | F58: Naga City | G58: Camarines Sur | H58: POS | I58: 45304 | J58: 46247 | K58: 4 | L58: 7230 | M58: =IFERROR(L58/K58,0) -> 1807.5 | N58: Yes | O58: =IF(J58="","",AsOfDate-J58) -> 48 | P58: =IF(A58="","",IF(AsOfDate-I58<=90,"New",IF(AND(O58<=180,L58>=15000),"VIP",IF(O58<=180,"Regular",IF(O58<=365,"At risk","Lapsed"))))) -> Regular | Q58: =IF(D58="","Missing",IF(COUNTIF($D$2:$D$207,D58)>1,"Duplicate",IF(AND(LEN(D58)-LEN(SUBSTITUTE(D58,"@",""))=1,ISNUMBER(SEARCH(".",D58,SEARCH("@",D58))),ISERROR(SEARCH(" ",D58))),"Valid","Invalid"))) -> Valid | R58: =IF(E58="","Missing",IF(COUNTIF($E$2:$E$207,E58)>1,"Duplicate",IF(AND(LEN(E58)=16,LEFT(E58,5)="+63 9"),"Valid","Check"))) -> Valid | S58: =IF(AND(Q58="Valid",R58="Valid",N58<>""),"Complete","Needs follow-up") -> Complete | T58: R208
A59: BHG-10058 | B59: Erika | C59: Cortez | D59: erika.cortez@mail.example.com | E59: +63 945 555 8848 | F59: Pili | G59: Camarines Sur | H59: WEB | I59: 45307 | J59: 45805 | K59: 5 | L59: 7200 | M59: =IFERROR(L59/K59,0) -> 1440 | N59: Yes | O59: =IF(J59="","",AsOfDate-J59) -> 490 | P59: =IF(A59="","",IF(AsOfDate-I59<=90,"New",IF(AND(O59<=180,L59>=15000),"VIP",IF(O59<=180,"Regular",IF(O59<=365,"At risk","Lapsed"))))) -> Lapsed | Q59: =IF(D59="","Missing",IF(COUNTIF($D$2:$D$207,D59)>1,"Duplicate",IF(AND(LEN(D59)-LEN(SUBSTITUTE(D59,"@",""))=1,ISNUMBER(SEARCH(".",D59,SEARCH("@",D59))),ISERROR(SEARCH(" ",D59))),"Valid","Invalid"))) -> Valid | R59: =IF(E59="","Missing",IF(COUNTIF($E$2:$E$207,E59)>1,"Duplicate",IF(AND(LEN(E59)=16,LEFT(E59,5)="+63 9"),"Valid","Check"))) -> Valid | S59: =IF(AND(Q59="Valid",R59="Valid",N59<>""),"Complete","Needs follow-up") -> Complete | T59: R075
A60: BHG-10059 | B60: Lorna | C60: Uy | D60: luy73@example.org | E60: +63 918 555 8023 | F60: Naga City | G60: Camarines Sur | H60: WEB | I60: 45309 | J60: 45935 | K60: 3 | L60: 2850 | M60: =IFERROR(L60/K60,0) -> 950 | N60: No | O60: =IF(J60="","",AsOfDate-J60) -> 360 | P60: =IF(A60="","",IF(AsOfDate-I60<=90,"New",IF(AND(O60<=180,L60>=15000),"VIP",IF(O60<=180,"Regular",IF(O60<=365,"At risk","Lapsed"))))) -> At risk | Q60: =IF(D60="","Missing",IF(COUNTIF($D$2:$D$207,D60)>1,"Duplicate",IF(AND(LEN(D60)-LEN(SUBSTITUTE(D60,"@",""))=1,ISNUMBER(SEARCH(".",D60,SEARCH("@",D60))),ISERROR(SEARCH(" ",D60))),"Valid","Invalid"))) -> Valid | R60: =IF(E60="","Missing",IF(COUNTIF($E$2:$E$207,E60)>1,"Duplicate",IF(AND(LEN(E60)=16,LEFT(E60,5)="+63 9"),"Valid","Check"))) -> Valid | S60: =IF(AND(Q60="Valid",R60="Valid",N60<>""),"Complete","Needs follow-up") -> Complete | T60: R012
A61: BHG-10060 | B61: Olive | C61: Lacson | D61: olive.lacson@example.com | E61: +63 919 555 0148 | F61: Daet | G61: Camarines Norte | H61: WEB + POS | I61: 45309 | J61: 46128 | K61: 9 | L61: 14520 | M61: =IFERROR(L61/K61,0) -> 1613.3333 | N61: Yes | O61: =IF(J61="","",AsOfDate-J61) -> 167 | P61: =IF(A61="","",IF(AsOfDate-I61<=90,"New",IF(AND(O61<=180,L61>=15000),"VIP",IF(O61<=180,"Regular",IF(O61<=365,"At risk","Lapsed"))))) -> Regular | Q61: =IF(D61="","Missing",IF(COUNTIF($D$2:$D$207,D61)>1,"Duplicate",IF(AND(LEN(D61)-LEN(SUBSTITUTE(D61,"@",""))=1,ISNUMBER(SEARCH(".",D61,SEARCH("@",D61))),ISERROR(SEARCH(" ",D61))),"Valid","Invalid"))) -> Valid | R61: =IF(E61="","Missing",IF(COUNTIF($E$2:$E$207,E61)>1,"Duplicate",IF(AND(LEN(E61)=16,LEFT(E61,5)="+63 9"),"Valid","Check"))) -> Valid | S61: =IF(AND(Q61="Valid",R61="Valid",N61<>""),"Complete","Needs follow-up") -> Complete | T61: R072, R258
A62: BHG-10061 | B62: Gemma | C62: Navarro | D62: gemma.navarro@example.com | E62: +63 961 555 2518 | F62: Pili | G62: Camarines Sur | H62: POS | I62: 45312 | J62: 45462 | K62: 2 | L62: 1510 | M62: =IFERROR(L62/K62,0) -> 755 | N62: Yes | O62: =IF(J62="","",AsOfDate-J62) -> 833 | P62: =IF(A62="","",IF(AsOfDate-I62<=90,"New",IF(AND(O62<=180,L62>=15000),"VIP",IF(O62<=180,"Regular",IF(O62<=365,"At risk","Lapsed"))))) -> Lapsed | Q62: =IF(D62="","Missing",IF(COUNTIF($D$2:$D$207,D62)>1,"Duplicate",IF(AND(LEN(D62)-LEN(SUBSTITUTE(D62,"@",""))=1,ISNUMBER(SEARCH(".",D62,SEARCH("@",D62))),ISERROR(SEARCH(" ",D62))),"Valid","Invalid"))) -> Valid | R62: =IF(E62="","Missing",IF(COUNTIF($E$2:$E$207,E62)>1,"Duplicate",IF(AND(LEN(E62)=16,LEFT(E62,5)="+63 9"),"Valid","Check"))) -> Valid | S62: =IF(AND(Q62="Valid",R62="Valid",N62<>""),"Complete","Needs follow-up") -> Complete | T62: R256
A63: BHG-10062 | B63: Ella | C63: Cruz | D63: ecruz68@example.com | E63: +63 954 555 9220 | F63: Legazpi City | G63: Albay | H63: POS | I63: 45324 | J63: 45990 | K63: 9 | L63: 13090 | M63: =IFERROR(L63/K63,0) -> 1454.4444 | N63: Yes | O63: =IF(J63="","",AsOfDate-J63) -> 305 | P63: =IF(A63="","",IF(AsOfDate-I63<=90,"New",IF(AND(O63<=180,L63>=15000),"VIP",IF(O63<=180,"Regular",IF(O63<=365,"At risk","Lapsed"))))) -> At risk | Q63: =IF(D63="","Missing",IF(COUNTIF($D$2:$D$207,D63)>1,"Duplicate",IF(AND(LEN(D63)-LEN(SUBSTITUTE(D63,"@",""))=1,ISNUMBER(SEARCH(".",D63,SEARCH("@",D63))),ISERROR(SEARCH(" ",D63))),"Valid","Invalid"))) -> Valid | R63: =IF(E63="","Missing",IF(COUNTIF($E$2:$E$207,E63)>1,"Duplicate",IF(AND(LEN(E63)=16,LEFT(E63,5)="+63 9"),"Valid","Check"))) -> Valid | S63: =IF(AND(Q63="Valid",R63="Valid",N63<>""),"Complete","Needs follow-up") -> Complete | T63: R251
A64: BHG-10063 | B64: Cathy | C64: Domingo | D64: cathy.domingo@example.com | E64: +63 995 555 3099 | F64: Pili | G64: Camarines Sur | H64: FB + POS | I64: 45327 | J64: 46250 | K64: 8 | L64: 14110 | M64: =IFERROR(L64/K64,0) -> 1763.75 | N64: Yes | O64: =IF(J64="","",AsOfDate-J64) -> 45 | P64: =IF(A64="","",IF(AsOfDate-I64<=90,"New",IF(AND(O64<=180,L64>=15000),"VIP",IF(O64<=180,"Regular",IF(O64<=365,"At risk","Lapsed"))))) -> Regular | Q64: =IF(D64="","Missing",IF(COUNTIF($D$2:$D$207,D64)>1,"Duplicate",IF(AND(LEN(D64)-LEN(SUBSTITUTE(D64,"@",""))=1,ISNUMBER(SEARCH(".",D64,SEARCH("@",D64))),ISERROR(SEARCH(" ",D64))),"Valid","Invalid"))) -> Valid | R64: =IF(E64="","Missing",IF(COUNTIF($E$2:$E$207,E64)>1,"Duplicate",IF(AND(LEN(E64)=16,LEFT(E64,5)="+63 9"),"Valid","Check"))) -> Valid | S64: =IF(AND(Q64="Valid",R64="Valid",N64<>""),"Complete","Needs follow-up") -> Complete | T64: R157, R227
A65: BHG-10064 | B65: Jessa | C65: Mendoza | D65: jmendoza32@example.com | E65: +63 977 555 0698 | F65: Naga City | G65: Camarines Sur | H65: WEB + FB + POS | I65: 45332 | J65: 46207 | K65: 5 | L65: 6420 | M65: =IFERROR(L65/K65,0) -> 1284 | N65: No | O65: =IF(J65="","",AsOfDate-J65) -> 88 | P65: =IF(A65="","",IF(AsOfDate-I65<=90,"New",IF(AND(O65<=180,L65>=15000),"VIP",IF(O65<=180,"Regular",IF(O65<=365,"At risk","Lapsed"))))) -> Regular | Q65: =IF(D65="","Missing",IF(COUNTIF($D$2:$D$207,D65)>1,"Duplicate",IF(AND(LEN(D65)-LEN(SUBSTITUTE(D65,"@",""))=1,ISNUMBER(SEARCH(".",D65,SEARCH("@",D65))),ISERROR(SEARCH(" ",D65))),"Valid","Invalid"))) -> Valid | R65: =IF(E65="","Missing",IF(COUNTIF($E$2:$E$207,E65)>1,"Duplicate",IF(AND(LEN(E65)=16,LEFT(E65,5)="+63 9"),"Valid","Check"))) -> Valid | S65: =IF(AND(Q65="Valid",R65="Valid",N65<>""),"Complete","Needs follow-up") -> Complete | T65: R055, R115, R229
A66: BHG-10065 | B66: Joy | C66: Padilla | D66: joy.padilla@example.net | E66: +63 917 555 6115 | F66: Daraga | G66: Albay | H66: WEB | I66: 45336 | J66: 45866 | K66: 2 | L66: 3400 | M66: =IFERROR(L66/K66,0) -> 1700 | N66: Yes | O66: =IF(J66="","",AsOfDate-J66) -> 429 | P66: =IF(A66="","",IF(AsOfDate-I66<=90,"New",IF(AND(O66<=180,L66>=15000),"VIP",IF(O66<=180,"Regular",IF(O66<=365,"At risk","Lapsed"))))) -> Lapsed | Q66: =IF(D66="","Missing",IF(COUNTIF($D$2:$D$207,D66)>1,"Duplicate",IF(AND(LEN(D66)-LEN(SUBSTITUTE(D66,"@",""))=1,ISNUMBER(SEARCH(".",D66,SEARCH("@",D66))),ISERROR(SEARCH(" ",D66))),"Valid","Invalid"))) -> Valid | R66: =IF(E66="","Missing",IF(COUNTIF($E$2:$E$207,E66)>1,"Duplicate",IF(AND(LEN(E66)=16,LEFT(E66,5)="+63 9"),"Valid","Check"))) -> Valid | S66: =IF(AND(Q66="Valid",R66="Valid",N66<>""),"Complete","Needs follow-up") -> Complete | T66: R018
A67: BHG-10066 | B67: Hannah | C67: Chua | D67: hannah.chua@example.com | E67: +63 998 555 2644 | F67: Legazpi City | G67: Albay | H67: WEB | I67: 45340 | J67: 45974 | K67: 8 | L67: 4780 | M67: =IFERROR(L67/K67,0) -> 597.5 | N67: Yes | O67: =IF(J67="","",AsOfDate-J67) -> 321 | P67: =IF(A67="","",IF(AsOfDate-I67<=90,"New",IF(AND(O67<=180,L67>=15000),"VIP",IF(O67<=180,"Regular",IF(O67<=365,"At risk","Lapsed"))))) -> At risk | Q67: =IF(D67="","Missing",IF(COUNTIF($D$2:$D$207,D67)>1,"Duplicate",IF(AND(LEN(D67)-LEN(SUBSTITUTE(D67,"@",""))=1,ISNUMBER(SEARCH(".",D67,SEARCH("@",D67))),ISERROR(SEARCH(" ",D67))),"Valid","Invalid"))) -> Valid | R67: =IF(E67="","Missing",IF(COUNTIF($E$2:$E$207,E67)>1,"Duplicate",IF(AND(LEN(E67)=16,LEFT(E67,5)="+63 9"),"Valid","Check"))) -> Valid | S67: =IF(AND(Q67="Valid",R67="Valid",N67<>""),"Complete","Needs follow-up") -> Complete | T67: R048
A68: BHG-10067 | B68: Tess | C68: Manalo | D68: tess.manalo@mail.example.com | E68: +63 998 555 0205 | F68: Masbate City | G68: Masbate | H68: WEB + FB | I68: 45343 | J68: 46244 | K68: 25 | L68: 39120 | M68: =IFERROR(L68/K68,0) -> 1564.8 | N68: Yes | O68: =IF(J68="","",AsOfDate-J68) -> 51 | P68: =IF(A68="","",IF(AsOfDate-I68<=90,"New",IF(AND(O68<=180,L68>=15000),"VIP",IF(O68<=180,"Regular",IF(O68<=365,"At risk","Lapsed"))))) -> VIP | Q68: =IF(D68="","Missing",IF(COUNTIF($D$2:$D$207,D68)>1,"Duplicate",IF(AND(LEN(D68)-LEN(SUBSTITUTE(D68,"@",""))=1,ISNUMBER(SEARCH(".",D68,SEARCH("@",D68))),ISERROR(SEARCH(" ",D68))),"Valid","Invalid"))) -> Valid | R68: =IF(E68="","Missing",IF(COUNTIF($E$2:$E$207,E68)>1,"Duplicate",IF(AND(LEN(E68)=16,LEFT(E68,5)="+63 9"),"Valid","Check"))) -> Valid | S68: =IF(AND(Q68="Valid",R68="Valid",N68<>""),"Complete","Needs follow-up") -> Complete | T68: R007, R131
A69: BHG-10068 | B69: Clara | C69: Lualhati | D69: clualhati44@example.com | E69: +63 954 555 2028 | F69: Legazpi City | G69: Albay | H69: WEB | I69: 45345 | J69: 46185 | K69: 11 | L69: 19740 | M69: =IFERROR(L69/K69,0) -> 1794.5455 | N69: No | O69: =IF(J69="","",AsOfDate-J69) -> 110 | P69: =IF(A69="","",IF(AsOfDate-I69<=90,"New",IF(AND(O69<=180,L69>=15000),"VIP",IF(O69<=180,"Regular",IF(O69<=365,"At risk","Lapsed"))))) -> VIP | Q69: =IF(D69="","Missing",IF(COUNTIF($D$2:$D$207,D69)>1,"Duplicate",IF(AND(LEN(D69)-LEN(SUBSTITUTE(D69,"@",""))=1,ISNUMBER(SEARCH(".",D69,SEARCH("@",D69))),ISERROR(SEARCH(" ",D69))),"Valid","Invalid"))) -> Valid | R69: =IF(E69="","Missing",IF(COUNTIF($E$2:$E$207,E69)>1,"Duplicate",IF(AND(LEN(E69)=16,LEFT(E69,5)="+63 9"),"Valid","Check"))) -> Valid | S69: =IF(AND(Q69="Valid",R69="Valid",N69<>""),"Complete","Needs follow-up") -> Complete | T69: R010
A70: BHG-10069 | B70: Sam | C70: Ocampo | D70: sam.ocampo@example.com | E70: +63 919 555 9762 | F70: Legazpi City | G70: Albay | H70: WEB + FB | I70: 45349 | J70: 46189 | K70: 11 | L70: 10150 | M70: =IFERROR(L70/K70,0) -> 922.72727 | N70: Yes | O70: =IF(J70="","",AsOfDate-J70) -> 106 | P70: =IF(A70="","",IF(AsOfDate-I70<=90,"New",IF(AND(O70<=180,L70>=15000),"VIP",IF(O70<=180,"Regular",IF(O70<=365,"At risk","Lapsed"))))) -> Regular | Q70: =IF(D70="","Missing",IF(COUNTIF($D$2:$D$207,D70)>1,"Duplicate",IF(AND(LEN(D70)-LEN(SUBSTITUTE(D70,"@",""))=1,ISNUMBER(SEARCH(".",D70,SEARCH("@",D70))),ISERROR(SEARCH(" ",D70))),"Valid","Invalid"))) -> Valid | R70: =IF(E70="","Missing",IF(COUNTIF($E$2:$E$207,E70)>1,"Duplicate",IF(AND(LEN(E70)=16,LEFT(E70,5)="+63 9"),"Valid","Check"))) -> Valid | S70: =IF(AND(Q70="Valid",R70="Valid",N70<>""),"Complete","Needs follow-up") -> Complete | T70: R082, R145
A71: BHG-10070 | B71: Clara | C71: Domingo | E71: +63 945 555 5892 | F71: Iriga City | G71: Camarines Sur | H71: FB | I71: 45350 | J71: 46260 | K71: 32 | L71: 41790 | M71: =IFERROR(L71/K71,0) -> 1305.9375 | N71: No | O71: =IF(J71="","",AsOfDate-J71) -> 35 | P71: =IF(A71="","",IF(AsOfDate-I71<=90,"New",IF(AND(O71<=180,L71>=15000),"VIP",IF(O71<=180,"Regular",IF(O71<=365,"At risk","Lapsed"))))) -> VIP | Q71: =IF(D71="","Missing",IF(COUNTIF($D$2:$D$207,D71)>1,"Duplicate",IF(AND(LEN(D71)-LEN(SUBSTITUTE(D71,"@",""))=1,ISNUMBER(SEARCH(".",D71,SEARCH("@",D71))),ISERROR(SEARCH(" ",D71))),"Valid","Invalid"))) -> Missing | R71: =IF(E71="","Missing",IF(COUNTIF($E$2:$E$207,E71)>1,"Duplicate",IF(AND(LEN(E71)=16,LEFT(E71,5)="+63 9"),"Valid","Check"))) -> Valid | S71: =IF(AND(Q71="Valid",R71="Valid",N71<>""),"Complete","Needs follow-up") -> Needs follow-up | T71: R150
A72: BHG-10071 | B72: Jessa | C72: Santos | D72: jessa.santos@example.com | E72: +63 945 555 2478 | F72: Iriga City | G72: Camarines Sur | H72: WEB | I72: 45356 | J72: 46190 | K72: 12 | L72: 21140 | M72: =IFERROR(L72/K72,0) -> 1761.6667 | N72: Yes | O72: =IF(J72="","",AsOfDate-J72) -> 105 | P72: =IF(A72="","",IF(AsOfDate-I72<=90,"New",IF(AND(O72<=180,L72>=15000),"VIP",IF(O72<=180,"Regular",IF(O72<=365,"At risk","Lapsed"))))) -> VIP | Q72: =IF(D72="","Missing",IF(COUNTIF($D$2:$D$207,D72)>1,"Duplicate",IF(AND(LEN(D72)-LEN(SUBSTITUTE(D72,"@",""))=1,ISNUMBER(SEARCH(".",D72,SEARCH("@",D72))),ISERROR(SEARCH(" ",D72))),"Valid","Invalid"))) -> Valid | R72: =IF(E72="","Missing",IF(COUNTIF($E$2:$E$207,E72)>1,"Duplicate",IF(AND(LEN(E72)=16,LEFT(E72,5)="+63 9"),"Valid","Check"))) -> Valid | S72: =IF(AND(Q72="Valid",R72="Valid",N72<>""),"Complete","Needs follow-up") -> Complete | T72: R025
A73: BHG-10072 | B73: Cathy | C73: Villanueva | D73: cathy.villanueva@example.com | E73: +63 919 555 9670 | F73: Iriga City | G73: Camarines Sur | H73: WEB | I73: 45357 | J73: 46221 | K73: 3 | L73: 4350 | M73: =IFERROR(L73/K73,0) -> 1450 | N73: Yes | O73: =IF(J73="","",AsOfDate-J73) -> 74 | P73: =IF(A73="","",IF(AsOfDate-I73<=90,"New",IF(AND(O73<=180,L73>=15000),"VIP",IF(O73<=180,"Regular",IF(O73<=365,"At risk","Lapsed"))))) -> Regular | Q73: =IF(D73="","Missing",IF(COUNTIF($D$2:$D$207,D73)>1,"Duplicate",IF(AND(LEN(D73)-LEN(SUBSTITUTE(D73,"@",""))=1,ISNUMBER(SEARCH(".",D73,SEARCH("@",D73))),ISERROR(SEARCH(" ",D73))),"Valid","Invalid"))) -> Valid | R73: =IF(E73="","Missing",IF(COUNTIF($E$2:$E$207,E73)>1,"Duplicate",IF(AND(LEN(E73)=16,LEFT(E73,5)="+63 9"),"Valid","Check"))) -> Valid | S73: =IF(AND(Q73="Valid",R73="Valid",N73<>""),"Complete","Needs follow-up") -> Complete | T73: R001
A74: BHG-10073 | B74: Rafael | C74: Manalo | D74: rafael.manalo@example.com | E74: +63 961 555 6678 | F74: Legazpi City | G74: Albay | H74: POS | I74: 45359 | J74: 46189 | K74: 11 | L74: 20100 | M74: =IFERROR(L74/K74,0) -> 1827.2727 | N74: No | O74: =IF(J74="","",AsOfDate-J74) -> 106 | P74: =IF(A74="","",IF(AsOfDate-I74<=90,"New",IF(AND(O74<=180,L74>=15000),"VIP",IF(O74<=180,"Regular",IF(O74<=365,"At risk","Lapsed"))))) -> VIP | Q74: =IF(D74="","Missing",IF(COUNTIF($D$2:$D$207,D74)>1,"Duplicate",IF(AND(LEN(D74)-LEN(SUBSTITUTE(D74,"@",""))=1,ISNUMBER(SEARCH(".",D74,SEARCH("@",D74))),ISERROR(SEARCH(" ",D74))),"Valid","Invalid"))) -> Valid | R74: =IF(E74="","Missing",IF(COUNTIF($E$2:$E$207,E74)>1,"Duplicate",IF(AND(LEN(E74)=16,LEFT(E74,5)="+63 9"),"Valid","Check"))) -> Valid | S74: =IF(AND(Q74="Valid",R74="Valid",N74<>""),"Complete","Needs follow-up") -> Complete | T74: R244
A75: BHG-10074 | B75: Kristine | C75: Ilagan | D75: kristine.ilagan@example.com | E75: +63 919 555 5117 | F75: Tabaco City | G75: Albay | H75: WEB + POS | I75: 45361 | J75: 45500 | K75: 4 | L75: 7200 | M75: =IFERROR(L75/K75,0) -> 1800 | N75: Yes | O75: =IF(J75="","",AsOfDate-J75) -> 795 | P75: =IF(A75="","",IF(AsOfDate-I75<=90,"New",IF(AND(O75<=180,L75>=15000),"VIP",IF(O75<=180,"Regular",IF(O75<=365,"At risk","Lapsed"))))) -> Lapsed | Q75: =IF(D75="","Missing",IF(COUNTIF($D$2:$D$207,D75)>1,"Duplicate",IF(AND(LEN(D75)-LEN(SUBSTITUTE(D75,"@",""))=1,ISNUMBER(SEARCH(".",D75,SEARCH("@",D75))),ISERROR(SEARCH(" ",D75))),"Valid","Invalid"))) -> Valid | R75: =IF(E75="","Missing",IF(COUNTIF($E$2:$E$207,E75)>1,"Duplicate",IF(AND(LEN(E75)=16,LEFT(E75,5)="+63 9"),"Valid","Check"))) -> Valid | S75: =IF(AND(Q75="Valid",R75="Valid",N75<>""),"Complete","Needs follow-up") -> Complete | T75: R032, R230
A76: BHG-10075 | B76: Teddy | C76: Torres | D76: ttorres44@example.com | E76: +63 939 555 5147 | F76: Virac | G76: Catanduanes | H76: WEB + FB | I76: 45366 | J76: 45627 | K76: 2 | L76: 3750 | M76: =IFERROR(L76/K76,0) -> 1875 | N76: Yes | O76: =IF(J76="","",AsOfDate-J76) -> 668 | P76: =IF(A76="","",IF(AsOfDate-I76<=90,"New",IF(AND(O76<=180,L76>=15000),"VIP",IF(O76<=180,"Regular",IF(O76<=365,"At risk","Lapsed"))))) -> Lapsed | Q76: =IF(D76="","Missing",IF(COUNTIF($D$2:$D$207,D76)>1,"Duplicate",IF(AND(LEN(D76)-LEN(SUBSTITUTE(D76,"@",""))=1,ISNUMBER(SEARCH(".",D76,SEARCH("@",D76))),ISERROR(SEARCH(" ",D76))),"Valid","Invalid"))) -> Valid | R76: =IF(E76="","Missing",IF(COUNTIF($E$2:$E$207,E76)>1,"Duplicate",IF(AND(LEN(E76)=16,LEFT(E76,5)="+63 9"),"Valid","Check"))) -> Valid | S76: =IF(AND(Q76="Valid",R76="Valid",N76<>""),"Complete","Needs follow-up") -> Complete | T76: R026, R154
A77: BHG-10076 | B77: Edwin | C77: Salazar | D77: edwin.salazar@example.com | E77: +63 995 555 2976 | F77: Daraga | G77: Albay | H77: POS | I77: 45367 | J77: 46283 | K77: 32 | L77: 45380 | M77: =IFERROR(L77/K77,0) -> 1418.125 | N77: Yes | O77: =IF(J77="","",AsOfDate-J77) -> 12 | P77: =IF(A77="","",IF(AsOfDate-I77<=90,"New",IF(AND(O77<=180,L77>=15000),"VIP",IF(O77<=180,"Regular",IF(O77<=365,"At risk","Lapsed"))))) -> VIP | Q77: =IF(D77="","Missing",IF(COUNTIF($D$2:$D$207,D77)>1,"Duplicate",IF(AND(LEN(D77)-LEN(SUBSTITUTE(D77,"@",""))=1,ISNUMBER(SEARCH(".",D77,SEARCH("@",D77))),ISERROR(SEARCH(" ",D77))),"Valid","Invalid"))) -> Valid | R77: =IF(E77="","Missing",IF(COUNTIF($E$2:$E$207,E77)>1,"Duplicate",IF(AND(LEN(E77)=16,LEFT(E77,5)="+63 9"),"Valid","Check"))) -> Valid | S77: =IF(AND(Q77="Valid",R77="Valid",N77<>""),"Complete","Needs follow-up") -> Complete | T77: R219
A78: BHG-10077 | B78: Kristine | C78: Castillo | D78: kristine.castillo@example.com | E78: +63 954 555 5696 | F78: Tabaco City | G78: Albay | H78: WEB + POS | I78: 45370 | J78: 46205 | K78: 3 | L78: 4420 | M78: =IFERROR(L78/K78,0) -> 1473.3333 | N78: No | O78: =IF(J78="","",AsOfDate-J78) -> 90 | P78: =IF(A78="","",IF(AsOfDate-I78<=90,"New",IF(AND(O78<=180,L78>=15000),"VIP",IF(O78<=180,"Regular",IF(O78<=365,"At risk","Lapsed"))))) -> Regular | Q78: =IF(D78="","Missing",IF(COUNTIF($D$2:$D$207,D78)>1,"Duplicate",IF(AND(LEN(D78)-LEN(SUBSTITUTE(D78,"@",""))=1,ISNUMBER(SEARCH(".",D78,SEARCH("@",D78))),ISERROR(SEARCH(" ",D78))),"Valid","Invalid"))) -> Valid | R78: =IF(E78="","Missing",IF(COUNTIF($E$2:$E$207,E78)>1,"Duplicate",IF(AND(LEN(E78)=16,LEFT(E78,5)="+63 9"),"Valid","Check"))) -> Valid | S78: =IF(AND(Q78="Valid",R78="Valid",N78<>""),"Complete","Needs follow-up") -> Complete | T78: R027, R253
A79: BHG-10078 | B79: Fritz | C79: Reyes | D79: fritz.reyes@example.com | E79: +63 945 555 6114 | F79: Pili | G79: Camarines Sur | H79: WEB | I79: 45375 | J79: 46099 | K79: 6 | L79: 6910 | M79: =IFERROR(L79/K79,0) -> 1151.6667 | N79: Yes | O79: =IF(J79="","",AsOfDate-J79) -> 196 | P79: =IF(A79="","",IF(AsOfDate-I79<=90,"New",IF(AND(O79<=180,L79>=15000),"VIP",IF(O79<=180,"Regular",IF(O79<=365,"At risk","Lapsed"))))) -> At risk | Q79: =IF(D79="","Missing",IF(COUNTIF($D$2:$D$207,D79)>1,"Duplicate",IF(AND(LEN(D79)-LEN(SUBSTITUTE(D79,"@",""))=1,ISNUMBER(SEARCH(".",D79,SEARCH("@",D79))),ISERROR(SEARCH(" ",D79))),"Valid","Invalid"))) -> Valid | R79: =IF(E79="","Missing",IF(COUNTIF($E$2:$E$207,E79)>1,"Duplicate",IF(AND(LEN(E79)=16,LEFT(E79,5)="+63 9"),"Valid","Check"))) -> Valid | S79: =IF(AND(Q79="Valid",R79="Valid",N79<>""),"Complete","Needs follow-up") -> Complete | T79: R043
A80: BHG-10079 | B80: Jerome | C80: Hidalgo | D80: jhidalgo74@example.com | E80: +63 954 555 4505 | F80: Naga City | G80: Camarines Sur | H80: WEB | I80: 45376 | J80: 45722 | K80: 5 | L80: 5040 | M80: =IFERROR(L80/K80,0) -> 1008 | N80: Yes | O80: =IF(J80="","",AsOfDate-J80) -> 573 | P80: =IF(A80="","",IF(AsOfDate-I80<=90,"New",IF(AND(O80<=180,L80>=15000),"VIP",IF(O80<=180,"Regular",IF(O80<=365,"At risk","Lapsed"))))) -> Lapsed | Q80: =IF(D80="","Missing",IF(COUNTIF($D$2:$D$207,D80)>1,"Duplicate",IF(AND(LEN(D80)-LEN(SUBSTITUTE(D80,"@",""))=1,ISNUMBER(SEARCH(".",D80,SEARCH("@",D80))),ISERROR(SEARCH(" ",D80))),"Valid","Invalid"))) -> Valid | R80: =IF(E80="","Missing",IF(COUNTIF($E$2:$E$207,E80)>1,"Duplicate",IF(AND(LEN(E80)=16,LEFT(E80,5)="+63 9"),"Valid","Check"))) -> Valid | S80: =IF(AND(Q80="Valid",R80="Valid",N80<>""),"Complete","Needs follow-up") -> Complete | T80: R107
A81: BHG-10080 | B81: Elmer | C81: Ilagan | D81: elmer.ilagan@mail.example.com | E81: +63 920 555 2439 | F81: Iriga City | G81: Camarines Sur | H81: WEB | I81: 45381 | J81: 46103 | K81: 6 | L81: 8340 | M81: =IFERROR(L81/K81,0) -> 1390 | N81: Yes | O81: =IF(J81="","",AsOfDate-J81) -> 192 | P81: =IF(A81="","",IF(AsOfDate-I81<=90,"New",IF(AND(O81<=180,L81>=15000),"VIP",IF(O81<=180,"Regular",IF(O81<=365,"At risk","Lapsed"))))) -> At risk | Q81: =IF(D81="","Missing",IF(COUNTIF($D$2:$D$207,D81)>1,"Duplicate",IF(AND(LEN(D81)-LEN(SUBSTITUTE(D81,"@",""))=1,ISNUMBER(SEARCH(".",D81,SEARCH("@",D81))),ISERROR(SEARCH(" ",D81))),"Valid","Invalid"))) -> Valid | R81: =IF(E81="","Missing",IF(COUNTIF($E$2:$E$207,E81)>1,"Duplicate",IF(AND(LEN(E81)=16,LEFT(E81,5)="+63 9"),"Valid","Check"))) -> Valid | S81: =IF(AND(Q81="Valid",R81="Valid",N81<>""),"Complete","Needs follow-up") -> Complete | T81: R102
A82: BHG-10081 | B82: Bernadette | C82: Cabrera | D82: bernadette.cabrera@example.com | E82: +63 939 555 7626 | F82: Naga City | G82: Camarines Sur | H82: FB + POS | I82: 45385 | J82: 46253 | K82: 12 | L82: 11830 | M82: =IFERROR(L82/K82,0) -> 985.83333 | N82: Yes | O82: =IF(J82="","",AsOfDate-J82) -> 42 | P82: =IF(A82="","",IF(AsOfDate-I82<=90,"New",IF(AND(O82<=180,L82>=15000),"VIP",IF(O82<=180,"Regular",IF(O82<=365,"At risk","Lapsed"))))) -> Regular | Q82: =IF(D82="","Missing",IF(COUNTIF($D$2:$D$207,D82)>1,"Duplicate",IF(AND(LEN(D82)-LEN(SUBSTITUTE(D82,"@",""))=1,ISNUMBER(SEARCH(".",D82,SEARCH("@",D82))),ISERROR(SEARCH(" ",D82))),"Valid","Invalid"))) -> Valid | R82: =IF(E82="","Missing",IF(COUNTIF($E$2:$E$207,E82)>1,"Duplicate",IF(AND(LEN(E82)=16,LEFT(E82,5)="+63 9"),"Valid","Check"))) -> Valid | S82: =IF(AND(Q82="Valid",R82="Valid",N82<>""),"Complete","Needs follow-up") -> Complete | T82: R112, R252
A83: BHG-10082 | B83: Wendy | C83: Garcia | E83: +63 927 555 1010 | F83: Daraga | G83: Albay | H83: FB | I83: 45386 | J83: 46178 | K83: 5 | L83: 5200 | M83: =IFERROR(L83/K83,0) -> 1040 | N83: Yes | O83: =IF(J83="","",AsOfDate-J83) -> 117 | P83: =IF(A83="","",IF(AsOfDate-I83<=90,"New",IF(AND(O83<=180,L83>=15000),"VIP",IF(O83<=180,"Regular",IF(O83<=365,"At risk","Lapsed"))))) -> Regular | Q83: =IF(D83="","Missing",IF(COUNTIF($D$2:$D$207,D83)>1,"Duplicate",IF(AND(LEN(D83)-LEN(SUBSTITUTE(D83,"@",""))=1,ISNUMBER(SEARCH(".",D83,SEARCH("@",D83))),ISERROR(SEARCH(" ",D83))),"Valid","Invalid"))) -> Missing | R83: =IF(E83="","Missing",IF(COUNTIF($E$2:$E$207,E83)>1,"Duplicate",IF(AND(LEN(E83)=16,LEFT(E83,5)="+63 9"),"Valid","Check"))) -> Valid | S83: =IF(AND(Q83="Valid",R83="Valid",N83<>""),"Complete","Needs follow-up") -> Needs follow-up | T83: R158
A84: BHG-10083 | B84: Rey | C84: Garcia | D84: rgarcia1@example.com | E84: +63 918 555 2870 | F84: Naga City | G84: Camarines Sur | H84: FB | I84: 45387 | J84: 46249 | K84: 9 | L84: 6250 | M84: =IFERROR(L84/K84,0) -> 694.44444 | N84: Yes | O84: =IF(J84="","",AsOfDate-J84) -> 46 | P84: =IF(A84="","",IF(AsOfDate-I84<=90,"New",IF(AND(O84<=180,L84>=15000),"VIP",IF(O84<=180,"Regular",IF(O84<=365,"At risk","Lapsed"))))) -> Regular | Q84: =IF(D84="","Missing",IF(COUNTIF($D$2:$D$207,D84)>1,"Duplicate",IF(AND(LEN(D84)-LEN(SUBSTITUTE(D84,"@",""))=1,ISNUMBER(SEARCH(".",D84,SEARCH("@",D84))),ISERROR(SEARCH(" ",D84))),"Valid","Invalid"))) -> Valid | R84: =IF(E84="","Missing",IF(COUNTIF($E$2:$E$207,E84)>1,"Duplicate",IF(AND(LEN(E84)=16,LEFT(E84,5)="+63 9"),"Valid","Check"))) -> Valid | S84: =IF(AND(Q84="Valid",R84="Valid",N84<>""),"Complete","Needs follow-up") -> Complete | T84: R130
A85: BHG-10084 | B85: Marvin | C85: Torres | D85: marvin.torres@example.com | E85: +63 998 555 8961 | F85: Naga City | G85: Camarines Sur | H85: FB | I85: 45387 | J85: 45562 | K85: 5 | L85: 4740 | M85: =IFERROR(L85/K85,0) -> 948 | N85: Yes | O85: =IF(J85="","",AsOfDate-J85) -> 733 | P85: =IF(A85="","",IF(AsOfDate-I85<=90,"New",IF(AND(O85<=180,L85>=15000),"VIP",IF(O85<=180,"Regular",IF(O85<=365,"At risk","Lapsed"))))) -> Lapsed | Q85: =IF(D85="","Missing",IF(COUNTIF($D$2:$D$207,D85)>1,"Duplicate",IF(AND(LEN(D85)-LEN(SUBSTITUTE(D85,"@",""))=1,ISNUMBER(SEARCH(".",D85,SEARCH("@",D85))),ISERROR(SEARCH(" ",D85))),"Valid","Invalid"))) -> Valid | R85: =IF(E85="","Missing",IF(COUNTIF($E$2:$E$207,E85)>1,"Duplicate",IF(AND(LEN(E85)=16,LEFT(E85,5)="+63 9"),"Valid","Check"))) -> Valid | S85: =IF(AND(Q85="Valid",R85="Valid",N85<>""),"Complete","Needs follow-up") -> Complete | T85: R120
A86: BHG-10085 | B86: Edwin | C86: Encarnacion | D86: edwin.encarnacion@example.com | E86: +63 927 555 9969 | F86: Naga City | G86: Camarines Sur | H86: WEB | I86: 45390 | J86: 46271 | K86: 31 | L86: 42720 | M86: =IFERROR(L86/K86,0) -> 1378.0645 | N86: No | O86: =IF(J86="","",AsOfDate-J86) -> 24 | P86: =IF(A86="","",IF(AsOfDate-I86<=90,"New",IF(AND(O86<=180,L86>=15000),"VIP",IF(O86<=180,"Regular",IF(O86<=365,"At risk","Lapsed"))))) -> VIP | Q86: =IF(D86="","Missing",IF(COUNTIF($D$2:$D$207,D86)>1,"Duplicate",IF(AND(LEN(D86)-LEN(SUBSTITUTE(D86,"@",""))=1,ISNUMBER(SEARCH(".",D86,SEARCH("@",D86))),ISERROR(SEARCH(" ",D86))),"Valid","Invalid"))) -> Valid | R86: =IF(E86="","Missing",IF(COUNTIF($E$2:$E$207,E86)>1,"Duplicate",IF(AND(LEN(E86)=16,LEFT(E86,5)="+63 9"),"Valid","Check"))) -> Valid | S86: =IF(AND(Q86="Valid",R86="Valid",N86<>""),"Complete","Needs follow-up") -> Complete | T86: R080
A87: BHG-10086 | B87: Kevin | C87: Zamora | D87: kzamora29@example.com | E87: +63 995 555 4996 | F87: Sorsogon City | G87: Sorsogon | H87: WEB | I87: 45391 | J87: 45827 | K87: 3 | L87: 3800 | M87: =IFERROR(L87/K87,0) -> 1266.6667 | N87: Yes | O87: =IF(J87="","",AsOfDate-J87) -> 468 | P87: =IF(A87="","",IF(AsOfDate-I87<=90,"New",IF(AND(O87<=180,L87>=15000),"VIP",IF(O87<=180,"Regular",IF(O87<=365,"At risk","Lapsed"))))) -> Lapsed | Q87: =IF(D87="","Missing",IF(COUNTIF($D$2:$D$207,D87)>1,"Duplicate",IF(AND(LEN(D87)-LEN(SUBSTITUTE(D87,"@",""))=1,ISNUMBER(SEARCH(".",D87,SEARCH("@",D87))),ISERROR(SEARCH(" ",D87))),"Valid","Invalid"))) -> Valid | R87: =IF(E87="","Missing",IF(COUNTIF($E$2:$E$207,E87)>1,"Duplicate",IF(AND(LEN(E87)=16,LEFT(E87,5)="+63 9"),"Valid","Check"))) -> Valid | S87: =IF(AND(Q87="Valid",R87="Valid",N87<>""),"Complete","Needs follow-up") -> Complete | T87: R042
A88: BHG-10087 | B88: Mark | C88: Magno | D88: mmagno62@mail.example.com | E88: +63 927 555 9344 | F88: Naga City | G88: Camarines Sur | H88: WEB | I88: 45393 | J88: 45411 | K88: 4 | L88: 2760 | M88: =IFERROR(L88/K88,0) -> 690 | N88: No | O88: =IF(J88="","",AsOfDate-J88) -> 884 | P88: =IF(A88="","",IF(AsOfDate-I88<=90,"New",IF(AND(O88<=180,L88>=15000),"VIP",IF(O88<=180,"Regular",IF(O88<=365,"At risk","Lapsed"))))) -> Lapsed | Q88: =IF(D88="","Missing",IF(COUNTIF($D$2:$D$207,D88)>1,"Duplicate",IF(AND(LEN(D88)-LEN(SUBSTITUTE(D88,"@",""))=1,ISNUMBER(SEARCH(".",D88,SEARCH("@",D88))),ISERROR(SEARCH(" ",D88))),"Valid","Invalid"))) -> Valid | R88: =IF(E88="","Missing",IF(COUNTIF($E$2:$E$207,E88)>1,"Duplicate",IF(AND(LEN(E88)=16,LEFT(E88,5)="+63 9"),"Valid","Check"))) -> Valid | S88: =IF(AND(Q88="Valid",R88="Valid",N88<>""),"Complete","Needs follow-up") -> Complete | T88: R023
A89: BHG-10088 | B89: Cathy | C89: Flores | D89: cathy.flores@example.com | E89: +63 920 555 4882 | F89: Sorsogon City | G89: Sorsogon | H89: WEB + FB | I89: 45394 | J89: 46251 | K89: 13 | L89: 21720 | M89: =IFERROR(L89/K89,0) -> 1670.7692 | N89: Yes | O89: =IF(J89="","",AsOfDate-J89) -> 44 | P89: =IF(A89="","",IF(AsOfDate-I89<=90,"New",IF(AND(O89<=180,L89>=15000),"VIP",IF(O89<=180,"Regular",IF(O89<=365,"At risk","Lapsed"))))) -> VIP | Q89: =IF(D89="","Missing",IF(COUNTIF($D$2:$D$207,D89)>1,"Duplicate",IF(AND(LEN(D89)-LEN(SUBSTITUTE(D89,"@",""))=1,ISNUMBER(SEARCH(".",D89,SEARCH("@",D89))),ISERROR(SEARCH(" ",D89))),"Valid","Invalid"))) -> Valid | R89: =IF(E89="","Missing",IF(COUNTIF($E$2:$E$207,E89)>1,"Duplicate",IF(AND(LEN(E89)=16,LEFT(E89,5)="+63 9"),"Valid","Check"))) -> Valid | S89: =IF(AND(Q89="Valid",R89="Valid",N89<>""),"Complete","Needs follow-up") -> Complete | T89: R073, R116
A90: BHG-10089 | B90: Ella | C90: Roxas | D90: ella.roxas@example.net | E90: +63 917 555 4872 | F90: Naga City | G90: Camarines Sur | H90: WEB | I90: 45398 | J90: 46286 | K90: 20 | L90: 21880 | M90: =IFERROR(L90/K90,0) -> 1094 | N90: Yes | O90: =IF(J90="","",AsOfDate-J90) -> 9 | P90: =IF(A90="","",IF(AsOfDate-I90<=90,"New",IF(AND(O90<=180,L90>=15000),"VIP",IF(O90<=180,"Regular",IF(O90<=365,"At risk","Lapsed"))))) -> VIP | Q90: =IF(D90="","Missing",IF(COUNTIF($D$2:$D$207,D90)>1,"Duplicate",IF(AND(LEN(D90)-LEN(SUBSTITUTE(D90,"@",""))=1,ISNUMBER(SEARCH(".",D90,SEARCH("@",D90))),ISERROR(SEARCH(" ",D90))),"Valid","Invalid"))) -> Valid | R90: =IF(E90="","Missing",IF(COUNTIF($E$2:$E$207,E90)>1,"Duplicate",IF(AND(LEN(E90)=16,LEFT(E90,5)="+63 9"),"Valid","Check"))) -> Valid | S90: =IF(AND(Q90="Valid",R90="Valid",N90<>""),"Complete","Needs follow-up") -> Complete | T90: R033
A91: BHG-10090 | B91: Queenie | C91: Ilagan | D91: queenie.ilagan@example.com | E91: +63 939 555 9211 | F91: Legazpi City | G91: Albay | H91: FB | I91: 45404 | J91: 45969 | K91: 2 | L91: 3700 | M91: =IFERROR(L91/K91,0) -> 1850 | N91: Yes | O91: =IF(J91="","",AsOfDate-J91) -> 326 | P91: =IF(A91="","",IF(AsOfDate-I91<=90,"New",IF(AND(O91<=180,L91>=15000),"VIP",IF(O91<=180,"Regular",IF(O91<=365,"At risk","Lapsed"))))) -> At risk | Q91: =IF(D91="","Missing",IF(COUNTIF($D$2:$D$207,D91)>1,"Duplicate",IF(AND(LEN(D91)-LEN(SUBSTITUTE(D91,"@",""))=1,ISNUMBER(SEARCH(".",D91,SEARCH("@",D91))),ISERROR(SEARCH(" ",D91))),"Valid","Invalid"))) -> Valid | R91: =IF(E91="","Missing",IF(COUNTIF($E$2:$E$207,E91)>1,"Duplicate",IF(AND(LEN(E91)=16,LEFT(E91,5)="+63 9"),"Valid","Check"))) -> Valid | S91: =IF(AND(Q91="Valid",R91="Valid",N91<>""),"Complete","Needs follow-up") -> Complete | T91: R188
A92: BHG-10091 | B92: Irene | C92: Evangelista | D92: irene.evangelista@example.org | E92: +63 920 555 8110 | F92: Daraga | G92: Albay | H92: POS | I92: 45410 | J92: 46203 | K92: 8 | L92: 11260 | M92: =IFERROR(L92/K92,0) -> 1407.5 | N92: Yes | O92: =IF(J92="","",AsOfDate-J92) -> 92 | P92: =IF(A92="","",IF(AsOfDate-I92<=90,"New",IF(AND(O92<=180,L92>=15000),"VIP",IF(O92<=180,"Regular",IF(O92<=365,"At risk","Lapsed"))))) -> Regular | Q92: =IF(D92="","Missing",IF(COUNTIF($D$2:$D$207,D92)>1,"Duplicate",IF(AND(LEN(D92)-LEN(SUBSTITUTE(D92,"@",""))=1,ISNUMBER(SEARCH(".",D92,SEARCH("@",D92))),ISERROR(SEARCH(" ",D92))),"Valid","Invalid"))) -> Valid | R92: =IF(E92="","Missing",IF(COUNTIF($E$2:$E$207,E92)>1,"Duplicate",IF(AND(LEN(E92)=16,LEFT(E92,5)="+63 9"),"Valid","Check"))) -> Valid | S92: =IF(AND(Q92="Valid",R92="Valid",N92<>""),"Complete","Needs follow-up") -> Complete | T92: R255
A93: BHG-10092 | B93: Joy | C93: Dimaculangan | D93: joy.dimaculangan@example.net | E93: +63 977 555 9905 | F93: Iriga City | G93: Camarines Sur | H93: POS | I93: 45412 | J93: 45942 | K93: 7 | L93: 10060 | M93: =IFERROR(L93/K93,0) -> 1437.1429 | N93: Yes | O93: =IF(J93="","",AsOfDate-J93) -> 353 | P93: =IF(A93="","",IF(AsOfDate-I93<=90,"New",IF(AND(O93<=180,L93>=15000),"VIP",IF(O93<=180,"Regular",IF(O93<=365,"At risk","Lapsed"))))) -> At risk | Q93: =IF(D93="","Missing",IF(COUNTIF($D$2:$D$207,D93)>1,"Duplicate",IF(AND(LEN(D93)-LEN(SUBSTITUTE(D93,"@",""))=1,ISNUMBER(SEARCH(".",D93,SEARCH("@",D93))),ISERROR(SEARCH(" ",D93))),"Valid","Invalid"))) -> Valid | R93: =IF(E93="","Missing",IF(COUNTIF($E$2:$E$207,E93)>1,"Duplicate",IF(AND(LEN(E93)=16,LEFT(E93,5)="+63 9"),"Valid","Check"))) -> Valid | S93: =IF(AND(Q93="Valid",R93="Valid",N93<>""),"Complete","Needs follow-up") -> Complete | T93: R225
A94: BHG-10093 | B94: Ursula | C94: Aguilar | D94: ursula.aguilar@example.net | E94: +63 954 555 5789 | F94: Naga City | G94: Camarines Sur | H94: WEB + FB | I94: 45418 | J94: 46211 | K94: 18 | L94: 20540 | M94: =IFERROR(L94/K94,0) -> 1141.1111 | N94: Yes | O94: =IF(J94="","",AsOfDate-J94) -> 84 | P94: =IF(A94="","",IF(AsOfDate-I94<=90,"New",IF(AND(O94<=180,L94>=15000),"VIP",IF(O94<=180,"Regular",IF(O94<=365,"At risk","Lapsed"))))) -> VIP | Q94: =IF(D94="","Missing",IF(COUNTIF($D$2:$D$207,D94)>1,"Duplicate",IF(AND(LEN(D94)-LEN(SUBSTITUTE(D94,"@",""))=1,ISNUMBER(SEARCH(".",D94,SEARCH("@",D94))),ISERROR(SEARCH(" ",D94))),"Valid","Invalid"))) -> Valid | R94: =IF(E94="","Missing",IF(COUNTIF($E$2:$E$207,E94)>1,"Duplicate",IF(AND(LEN(E94)=16,LEFT(E94,5)="+63 9"),"Valid","Check"))) -> Valid | S94: =IF(AND(Q94="Valid",R94="Valid",N94<>""),"Complete","Needs follow-up") -> Complete | T94: R030, R152
A95: BHG-10094 | B95: Nelia | C95: Bernal | D95: nelia.bernal@example.net | E95: +63 918 555 4892 | F95: Naga City | G95: Camarines Sur | H95: WEB | I95: 45418 | J95: 45505 | K95: 2 | L95: 2240 | M95: =IFERROR(L95/K95,0) -> 1120 | N95: Yes | O95: =IF(J95="","",AsOfDate-J95) -> 790 | P95: =IF(A95="","",IF(AsOfDate-I95<=90,"New",IF(AND(O95<=180,L95>=15000),"VIP",IF(O95<=180,"Regular",IF(O95<=365,"At risk","Lapsed"))))) -> Lapsed | Q95: =IF(D95="","Missing",IF(COUNTIF($D$2:$D$207,D95)>1,"Duplicate",IF(AND(LEN(D95)-LEN(SUBSTITUTE(D95,"@",""))=1,ISNUMBER(SEARCH(".",D95,SEARCH("@",D95))),ISERROR(SEARCH(" ",D95))),"Valid","Invalid"))) -> Valid | R95: =IF(E95="","Missing",IF(COUNTIF($E$2:$E$207,E95)>1,"Duplicate",IF(AND(LEN(E95)=16,LEFT(E95,5)="+63 9"),"Valid","Check"))) -> Valid | S95: =IF(AND(Q95="Valid",R95="Valid",N95<>""),"Complete","Needs follow-up") -> Complete | T95: R050
A96: BHG-10095 | B96: Pauline | C96: Bernal | E96: +63 928 555 3589 | F96: Sorsogon City | G96: Sorsogon | H96: FB | I96: 45421 | J96: 46183 | K96: 6 | L96: 9950 | M96: =IFERROR(L96/K96,0) -> 1658.3333 | N96: No | O96: =IF(J96="","",AsOfDate-J96) -> 112 | P96: =IF(A96="","",IF(AsOfDate-I96<=90,"New",IF(AND(O96<=180,L96>=15000),"VIP",IF(O96<=180,"Regular",IF(O96<=365,"At risk","Lapsed"))))) -> Regular | Q96: =IF(D96="","Missing",IF(COUNTIF($D$2:$D$207,D96)>1,"Duplicate",IF(AND(LEN(D96)-LEN(SUBSTITUTE(D96,"@",""))=1,ISNUMBER(SEARCH(".",D96,SEARCH("@",D96))),ISERROR(SEARCH(" ",D96))),"Valid","Invalid"))) -> Missing | R96: =IF(E96="","Missing",IF(COUNTIF($E$2:$E$207,E96)>1,"Duplicate",IF(AND(LEN(E96)=16,LEFT(E96,5)="+63 9"),"Valid","Check"))) -> Valid | S96: =IF(AND(Q96="Valid",R96="Valid",N96<>""),"Complete","Needs follow-up") -> Needs follow-up | T96: R171
A97: BHG-10096 | B97: Sarah | C97: Soriano | D97: sarah.soriano@example.net | E97: +63 927 555 3394 | F97: Naga City | G97: Camarines Sur | H97: WEB + FB | I97: 45422 | J97: 46190 | K97: 8 | L97: 7860 | M97: =IFERROR(L97/K97,0) -> 982.5 | N97: Yes | O97: =IF(J97="","",AsOfDate-J97) -> 105 | P97: =IF(A97="","",IF(AsOfDate-I97<=90,"New",IF(AND(O97<=180,L97>=15000),"VIP",IF(O97<=180,"Regular",IF(O97<=365,"At risk","Lapsed"))))) -> Regular | Q97: =IF(D97="","Missing",IF(COUNTIF($D$2:$D$207,D97)>1,"Duplicate",IF(AND(LEN(D97)-LEN(SUBSTITUTE(D97,"@",""))=1,ISNUMBER(SEARCH(".",D97,SEARCH("@",D97))),ISERROR(SEARCH(" ",D97))),"Valid","Invalid"))) -> Valid | R97: =IF(E97="","Missing",IF(COUNTIF($E$2:$E$207,E97)>1,"Duplicate",IF(AND(LEN(E97)=16,LEFT(E97,5)="+63 9"),"Valid","Check"))) -> Valid | S97: =IF(AND(Q97="Valid",R97="Valid",N97<>""),"Complete","Needs follow-up") -> Complete | T97: R017, R186
A98: BHG-10097 | B98: Sarah | C98: Hidalgo | D98: sarah.hidalgo@example.com | E98: +63 954 555 7452 | F98: Buhi | G98: Camarines Sur | H98: WEB | I98: 45438 | J98: 46258 | K98: 7 | L98: 5830 | M98: =IFERROR(L98/K98,0) -> 832.85714 | N98: Yes | O98: =IF(J98="","",AsOfDate-J98) -> 37 | P98: =IF(A98="","",IF(AsOfDate-I98<=90,"New",IF(AND(O98<=180,L98>=15000),"VIP",IF(O98<=180,"Regular",IF(O98<=365,"At risk","Lapsed"))))) -> Regular | Q98: =IF(D98="","Missing",IF(COUNTIF($D$2:$D$207,D98)>1,"Duplicate",IF(AND(LEN(D98)-LEN(SUBSTITUTE(D98,"@",""))=1,ISNUMBER(SEARCH(".",D98,SEARCH("@",D98))),ISERROR(SEARCH(" ",D98))),"Valid","Invalid"))) -> Valid | R98: =IF(E98="","Missing",IF(COUNTIF($E$2:$E$207,E98)>1,"Duplicate",IF(AND(LEN(E98)=16,LEFT(E98,5)="+63 9"),"Valid","Check"))) -> Valid | S98: =IF(AND(Q98="Valid",R98="Valid",N98<>""),"Complete","Needs follow-up") -> Complete | T98: R008
A99: BHG-10098 | B99: Marvin | C99: Gutierrez | D99: marvin.gutierrez@example.com | E99: +63 920 555 7351 | F99: Sorsogon City | G99: Sorsogon | H99: WEB | I99: 45440 | J99: 46281 | K99: 16 | L99: 26020 | M99: =IFERROR(L99/K99,0) -> 1626.25 | N99: No | O99: =IF(J99="","",AsOfDate-J99) -> 14 | P99: =IF(A99="","",IF(AsOfDate-I99<=90,"New",IF(AND(O99<=180,L99>=15000),"VIP",IF(O99<=180,"Regular",IF(O99<=365,"At risk","Lapsed"))))) -> VIP | Q99: =IF(D99="","Missing",IF(COUNTIF($D$2:$D$207,D99)>1,"Duplicate",IF(AND(LEN(D99)-LEN(SUBSTITUTE(D99,"@",""))=1,ISNUMBER(SEARCH(".",D99,SEARCH("@",D99))),ISERROR(SEARCH(" ",D99))),"Valid","Invalid"))) -> Valid | R99: =IF(E99="","Missing",IF(COUNTIF($E$2:$E$207,E99)>1,"Duplicate",IF(AND(LEN(E99)=16,LEFT(E99,5)="+63 9"),"Valid","Check"))) -> Valid | S99: =IF(AND(Q99="Valid",R99="Valid",N99<>""),"Complete","Needs follow-up") -> Complete | T99: R077
A100: BHG-10099 | B100: Hector | C100: Ordonez | D100: hector.ordonez@example.com | E100: +63 919 555 4423 | F100: Iriga City | G100: Camarines Sur | H100: FB | I100: 45452 | J100: 46230 | K100: 12 | L100: 19560 | M100: =IFERROR(L100/K100,0) -> 1630 | O100: =IF(J100="","",AsOfDate-J100) -> 65 | P100: =IF(A100="","",IF(AsOfDate-I100<=90,"New",IF(AND(O100<=180,L100>=15000),"VIP",IF(O100<=180,"Regular",IF(O100<=365,"At risk","Lapsed"))))) -> VIP | Q100: =IF(D100="","Missing",IF(COUNTIF($D$2:$D$207,D100)>1,"Duplicate",IF(AND(LEN(D100)-LEN(SUBSTITUTE(D100,"@",""))=1,ISNUMBER(SEARCH(".",D100,SEARCH("@",D100))),ISERROR(SEARCH(" ",D100))),"Valid","Invalid"))) -> Valid | R100: =IF(E100="","Missing",IF(COUNTIF($E$2:$E$207,E100)>1,"Duplicate",IF(AND(LEN(E100)=16,LEFT(E100,5)="+63 9"),"Valid","Check"))) -> Valid | S100: =IF(AND(Q100="Valid",R100="Valid",N100<>""),"Complete","Needs follow-up") -> Needs follow-up | T100: R124
A101: BHG-10100 | B101: Sarah | C101: Cabrera | D101: scabrera22@example.net | E101: +63 954 555 7486 | F101: Legazpi City | G101: Albay | H101: WEB | I101: 45476 | J101: 45599 | K101: 2 | L101: 2290 | M101: =IFERROR(L101/K101,0) -> 1145 | N101: No | O101: =IF(J101="","",AsOfDate-J101) -> 696 | P101: =IF(A101="","",IF(AsOfDate-I101<=90,"New",IF(AND(O101<=180,L101>=15000),"VIP",IF(O101<=180,"Regular",IF(O101<=365,"At risk","Lapsed"))))) -> Lapsed | Q101: =IF(D101="","Missing",IF(COUNTIF($D$2:$D$207,D101)>1,"Duplicate",IF(AND(LEN(D101)-LEN(SUBSTITUTE(D101,"@",""))=1,ISNUMBER(SEARCH(".",D101,SEARCH("@",D101))),ISERROR(SEARCH(" ",D101))),"Valid","Invalid"))) -> Valid | R101: =IF(E101="","Missing",IF(COUNTIF($E$2:$E$207,E101)>1,"Duplicate",IF(AND(LEN(E101)=16,LEFT(E101,5)="+63 9"),"Valid","Check"))) -> Valid | S101: =IF(AND(Q101="Valid",R101="Valid",N101<>""),"Complete","Needs follow-up") -> Complete | T101: R062
A102: BHG-10101 | B102: Precious | C102: Roxas | D102: precious.roxas@example.net | E102: +63 954 555 8500 | F102: Daraga | G102: Albay | H102: WEB | I102: 45479 | J102: 46129 | K102: 12 | L102: 20510 | M102: =IFERROR(L102/K102,0) -> 1709.1667 | N102: Yes | O102: =IF(J102="","",AsOfDate-J102) -> 166 | P102: =IF(A102="","",IF(AsOfDate-I102<=90,"New",IF(AND(O102<=180,L102>=15000),"VIP",IF(O102<=180,"Regular",IF(O102<=365,"At risk","Lapsed"))))) -> VIP | Q102: =IF(D102="","Missing",IF(COUNTIF($D$2:$D$207,D102)>1,"Duplicate",IF(AND(LEN(D102)-LEN(SUBSTITUTE(D102,"@",""))=1,ISNUMBER(SEARCH(".",D102,SEARCH("@",D102))),ISERROR(SEARCH(" ",D102))),"Valid","Invalid"))) -> Valid | R102: =IF(E102="","Missing",IF(COUNTIF($E$2:$E$207,E102)>1,"Duplicate",IF(AND(LEN(E102)=16,LEFT(E102,5)="+63 9"),"Valid","Check"))) -> Valid | S102: =IF(AND(Q102="Valid",R102="Valid",N102<>""),"Complete","Needs follow-up") -> Complete | T102: R024
...

Sheet Raw Combined
A1: Raw Row | B1: Source | C1: Source Ref | D1: Full Name | E1: Email | F1: Mobile | G1: City | H1: Province | I1: First Order | J1: Last Order | K1: Orders | L1: Total Spent | M1: Marketing Consent
A2: R001 | B2: WEB | C2: WEB-20413 | D2: Cathy Villanueva | E2: cathy.villanueva@example.com | F2: 09195559670 | G2: IRIGA CITY | H2: Camarines Sur | I2: 2024-03-06 | J2: 2026-07-18 | K2: 3 | L2: 4350.00 | M2: TRUE
A3: R002 | B3: WEB | C3: WEB-20415 | D3: Tristan Sison | E3: tristan.sison@example.org | F3: 09545551403 | G3: Masbate City | H3: Masbate | I3: 2023-09-14 | J3: 2026-09-21 | K3: 22 | L3: 28050.00 | M3: TRUE
A4: R003 | B4: WEB | C4: WEB-20418 | D4: Edwin Valdez | E4: edwin.valdez@example.com | F4: 09285554401 | G4: Naga City | H4: Camarines Sur | I4: 2023-09-07 | J4: 2026-06-21 | K4: 14 | L4: 22620.00 | M4: TRUE
A5: R004 | B5: WEB | C5: WEB-20419 | D5: Tonette Castillo | E5: tonette.castillo@example.com | F5: 09285554774 | G5: Naga City | H5: Camarines Sur | I5: 2024-12-10 | J5: 2026-02-03 | K5: 2 | L5: 1770.00 | M5: FALSE
A6: R005 | B6: WEB | C6: WEB-20422 | D6: Jomar Cruz | E6: jomar.cruz@example.net | F6: 09175554023 | G6: Naga City | H6: CAM. SUR | I6: 2023-06-16 | J6: 2024-05-27 | K6: 1 | L6: 1780.00 | M6: TRUE
A7: R006 | B7: WEB | C7: WEB-20423 | D7: Miguel Cruz | E7: miguel.cruz@example.com | F7: +639195556778 | G7: VIRAC | H7: Catanduanes | I7: 2025-02-19 | J7: 2026-07-19 | K7: 6 | L7: 11070.00 | M7: TRUE
A8: R007 | B8: WEB | C8: WEB-20425 | D8: Tess Manalo | E8: Tess.manalo@mail.example.com | F8: +63 998 555 0205 | G8: Masbate City | H8: masbate | I8: 2024-02-21 | J8: 2025-02-15 | K8: 23 | L8: 35990.00 | M8: TRUE
A9: R008 | B9: WEB | C9: WEB-20429 | D9: Sarah Hidalgo | E9: sarah.hidalgo@example.com | F9: +63 954 555 7452 | G9: Buhi | H9: CamSur | I9: 2024-05-26 | J9: 2026-08-24 | K9: 7 | L9: 5830.00 | M9: TRUE
A10: R009 | B10: WEB | C10: WEB-20433 | D10: Pauline Cruz | E10: pauline.cruz@exmaple.com | F10: +639985558552 | G10: NAGA | H10: Cam Sur | I10: 2023-07-15 | J10: 2023-07-15 | K10: 1 | L10: 920.00 | M10: TRUE
A11: R010 | B11: WEB | C11: WEB-20434 | D11: Clara Lualhati | E11: clualhati44@example.com | F11: 09545552028 | G11: legaspi city | H11: Albay | I11: 2024-02-23 | J11: 2026-06-12 | K11: 11 | L11: 19740.00 | M11: FALSE
A12: R011 | B12: WEB | C12: WEB-20438 | D12: Leo Valdez | E12: lvaldez94@example.org | F12: 09275552161 | G12: BUHI | H12: Camarines Sur | I12: 2025-02-19 | J12: 2025-06-20 | K12: 3 | L12: 3290.00 | M12: FALSE
... A110: R109 | B110: WEB | C110: WEB-20696 | D110: Mark Dizon | E110: mark.dizon@example.com | F110: +639455556838 | G110: NAGA | H110: Camarines Sur | I110: 2023-11-26 | J110: 2023-11-26 | K110: 1 | L110: 930.00 | M110: TRUE
A111: R110 | B111: FB | C111: FB-0313 | D111: Precious Nolasco | E111: precious.nolasco@example.com | F111: (0918) 555-0963 | G111: DARAGA | I111: 07-Sep-2023 | J111: 24-May-2026 | K111: 8 orders | L111: ₱11,660 | M111: no
A112: R111 | B112: FB | C112: FB-0316 | D112: Hannah Ocampo | E112: hannah.ocampo@example.net | F112: (0945) 555-1293 | G112: Naga | H112: Camarines Sur | I112: August 23 2026 | J112: Sep 1, 2026 | K112: 1 | L112: 770 | M112: No
A113: R112 | B113: FB | C113: FB-0319 | D113: Bernadette Cabrera | E113: bernadette.cabrera@example.com | F113: 09395557626 | G113: Naga City | H113: CAM. SUR | I113: April 28 2025 | J113: 19-Aug-2026 | K113: 10 orders | L113: 9,860 | M113: yes
A114: R113 | B114: FB | C114: FB-0322 | D114: gerald salazar | E114: GERALD.SALAZAR@EXAMPLE.NET | F114: 0919 555 3247 | G114: naga city | I114: Jul 25, 2026 | J114: July 25 2026 | K114: 1 | L114: P1,330.00 | M114: yes
A115: R114 | B115: FB | C115: FB-0325 | D115: Carlo Rivera | E115: carlo.rivera@example.com | F115: 920 555 0814 | G115: legaspi city | H115: Albay | I115: Oct 26, 2023 | J115: Mar 12, 2026 | K115: 6 orders | L115: 5,540 | M115: Y
A116: R115 | B116: FB | C116: FB-0326 | D116: jessa mendoza | F116: 0977 555 0698 | G116: Naga City | H116: Camarines Sur | I116: Aug 3, 2024 | J116: October 14 2025 | K116: 1 | L116: P1,280.00 | M116: no
A117: R116 | B117: FB | C117: FB-0330 | D117: Cathy Flores | E117: cathy.flores@example.com | F117: 0920 555 4882 | G117: SORSOGON CITY | H117: Sorsogon | I117: May 2 2025 | J117: Aug 17, 2026 | K117: 6 orders | L117: P10,020.00 | M117: yes
A118: R117 | B118: FB | C118: FB-0334 | D118: Alvin Dela Cruz | E118: alvin.delacruz@example.com | F118: 995 555 7735 | G118: daraga | H118: ALBAY | I118: Nov 10, 2024 | J118: January 20 2026 | K118: 9 | L118: P7,390.00
A119: R118 | B119: FB | C119: FB-0338 | D119: ivan navarro | E119: ivan.navarro@example.com | F119: 09185558417 | G119: Sorsogon City | H119: Sorsogon | I119: September 2 2023 | J119: Feb 11, 2026 | K119: 5 orders | L119: ₱7,960
A120: R119 | B120: FB | C120: FB-0342 | D120: dan yap | E120: dan.yap@example.net | F120: 0945 555 1875 | G120: VIRAC | H120: CATANDUANES | I120: 08-Nov-2024 | J120: Oct 23, 2025 | K120: 9 orders | L120: 15,840 | M120: no
A121: R120 | B121: FB | C121: FB-0346 | D121: marvin torres | E121: marvin.torres@example.com | F121: 0998 555 8961 | G121: Naga city | H121: Camarines Sur | I121: Apr 5, 2024 | J121: Sep 27, 2024 | K121: 5 | L121: 4,740 | M121: yes
A122: R121 | B122: FB | C122: FB-0350 | D122: ben castillo | E122: ben.castillo@example.com | F122: 09455559269 | G122: Naga City | H122: Camarines Sur | I122: 20-Aug-2026 | J122: August 20 2026 | K122: 1 order | L122: P970.00 | M122: yes
A123: R122 | B123: FB | C123: FB-0352 | D123: patrick valdez | E123: patrick.valdez@example.net | F123: 998 555 5222 | G123: Naga City | I123: August 10 2024 | J123: 18-Jul-2026 | K123: 29 | L123: ₱40,540 | M123: Yes
A124: R123 | B124: FB | C124: FB-0354 | D124: aira santiago | E124: aira.santiago@example.com | F124: 918 555 8391 | G124: Naga City | H124: Camarines Sur | I124: Jul 8, 2023 | J124: January 10 2024 | K124: 4 | L124: P7,510.00 | M124: no
A125: R124 | B125: FB | C125: FB-0358 | D125: Hector Ordonez | E125: hector.ordonez@example.com | F125: (0919) 555-4423 | G125: Iriga | H125: Camarines Sur | I125: June 9 2024 | J125: July 27 2026 | K125: 12 | L125: ₱19,560
A126: R125 | B126: FB | C126: FB-0360 | D126: oscar quiambao | E126: oscar.quiambao@example.net | F126: (0928) 555-5585 | G126: Tabaco City | H126: Albay | I126: Oct 6, 2023 | J126: September 19 2024 | K126: 4 | L126: 6,150 | M126: yes
A127: R126 | B127: FB | C127: FB-0363 | D127: Xander Torres | E127: xander.torres@example.com | F127: 995 555 6206 | G127: Naga City | H127: Camarines Sur | I127: September 21 2023 | J127: Jul 20, 2025 | K127: 2 | L127: 2,460 | M127: Y
A128: R127 | B128: FB | C128: FB-0364 | D128: Fritz Francisco | E128: ffrancisco45@example.com | F128: 09615553755 | G128: DARAGA | H128: Albay | I128: 06-Mar-2023 | J128: 13-Jun-2025 | K128: 2 | L128: 3,390
A129: R128 | B129: FB | C129: FB-0367 | D129: Sam Navarro | E129: snavarro86@example.net | F129: 0917 555 4228 | G129: Sorsogon | I129: Jul 25, 2026 | J129: August 25 2026 | K129: 2 | L129: 2,100 | M129: Y
A130: R129 | B130: FB | C130: FB-0370 | D130: Zaldy Morales | E130: zaldy.morales@example.com | F130: 977 555 6014 | G130: Naga | H130: Camarines Sur | I130: 24-Nov-2023 | J130: Dec 6, 2024 | K130: 4 orders | L130: 2,920 | M130: Y
A131: R130 | B131: FB | C131: FB-0374 | D131: Rey Garcia | E131: rgarcia1@example.com | F131: 918 555 2870 | G131: Naga | I131: April 5 2024 | J131: August 15 2026 | K131: 9 | L131: P6,250.00 | M131: Y
A132: R131 | B132: FB | C132: FB-0377 | D132: Tess Manalo | E132: tess.manalo@mail.example.com | F132: 0998 555 0205 | G132: MASBATE CITY | H132: Masbate | I132: April 1 2025 | J132: 10-Aug-2026 | K132: 2 | L132: 3,130 | M132: yes
A133: R132 | B133: FB | C133: FB-0379 | D133: nico vergara | E133: nico.vergara@example.net | F133: 0918 555 4141 | G133: daraga | H133: Albay | I133: March 26 2026 | J133: May 28, 2026 | K133: 5 | L133: ₱6,930 | M133: Y
A134: R133 | B134: FB | C134: FB-0381 | D134: Venus Navarro | E134: venus.navarro | F134: 0998 555 7652 | G134: iriga | H134: Camarines Sur | I134: February 19 2025 | J134: 23-Aug-2026 | K134: 19 | L134: 23,830 | M134: Yes
A135: R134 | B135: FB | C135: FB-0382 | D135: Mark Gonzales | E135: mark.gonzales@example.com | F135: 945 555 2257 | G135: Sorsogon City | H135: Sorsogon | I135: October 4 2023 | J135: July 5 2026 | K135: 8 | L135: P7,450.00 | M135: no
A136: R135 | B136: FB | C136: FB-0386 | D136: Bryan Cruz | E136: bryan.cruz@example.com | F136: 09395550317 | G136: virac | I136: Aug 16, 2025 | J136: July 17 2026 | K136: 1 | L136: ₱1,080
A137: R136 | B137: FB | C137: FB-0390 | D137: Lorna Encarnacion | E137: lencarnacion54@mail.example.com | F137: 0995 555 1330 | G137: IRIGA CITY | H137: Camarines Sur | I137: February 1 2025 | J137: Dec 31, 2025 | K137: 7 | L137: ₱5,430 | M137: yes
A138: R137 | B138: FB | C138: FB-0392 | D138: Miguel Cruz | E138: miguel.cruz@example.com | F138: (0919) 555-6778 | G138: Virac | I138: 26-Dec-2023 | J138: 03-Jan-2025 | K138: 1 | L138: P1,850.00
A139: R138 | B139: FB | C139: FB-0395 | D139: cathy herrera | E139: cathy.herrera@example.org | F139: 0928 555 9655 | G139: Daraga | I139: August 30 2026 | J139: Aug 30, 2026 | K139: 1 order | L139: P1,770.00 | M139: Y
A140: R139 | B140: FB | C140: FB-0398 | D140: Gelo Chua | E140: gelo.chua@example.com | F140: 0954 555 4378 | G140: Naga | I140: August 20 2026 | J140: 04-Sep-2026 | K140: 3 | L140: 2,800 | M140: Y
A141: R140 | B141: FB | C141: FB-0402 | D141: Jessa Encarnacion | E141: jessa.encarnacion@example.com | F141: 0928 555 8102 | G141: Legazpi City | I141: 17-Nov-2024 | J141: July 8 2025 | K141: 23 | L141: P37,560.00 | M141: Yes
A142: R141 | B142: FB | C142: FB-0406 | D142: mia encarnacion | E142: mia.encarnacion@example.com | F142: 0939 555 5704 | G142: daraga | H142: albay | I142: 05-Sep-2026 | J142: 09-Sep-2026 | K142: 2 | L142: ₱3,760 | M142: Y
A143: R142 | B143: FB | C143: FB-0407 | D143: Hector Vergara | E143: hector.vergara@mail.example.com | F143: 0961 555 5217 | G143: Naga City | I143: September 11 2024 | J143: June 29 2026 | K143: 10 orders | L143: ₱7,930 | M143: N
A144: R143 | B144: FB | C144: FB-0411 | D144: kim aguilar | E144: kim.aguilar@example.com | F144: 09615555500 | G144: Naga City | I144: Nov 28, 2025 | J144: Jun 6, 2026 | K144: 6 orders | L144: ₱3,690 | M144: yes
A145: R144 | B145: FB | C145: FB-0413 | D145: Kevin Magno | E145: kevin.magno@example.com | F145: 977 555 5530 | G145: Pili, CS | I145: July 10 2025 | J145: 29-Nov-2025 | K145: 9 orders | L145: ₱8,340 | M145: Yes
A146: R145 | B146: FB | C146: FB-0415 | D146: sam ocampo | E146: sam.ocampo@example.com | F146: 0919 555 9762 | G146: Legazpi City | H146: Albay | I146: Mar 11, 2025 | J146: 16-Jun-2026 | K146: 6 | L146: 5,540
A147: R146 | B147: FB | C147: FB-0416 | D147: Aira Ignacio | E147: aira.ignacio@example.com | F147: 0928 555 5809 | G147: Daet | H147: Camarines Norte | I147: 13-Jun-2023 | J147: Mar 25, 2024 | K147: 2 orders | L147: 3,400 | M147: Y
A148: R147 | B148: FB | C148: FB-0417 | D148: hannah galang | E148: hannah.galang@example.net | F148: 954 555 8277 | G148: virac | H148: Catanduanes | I148: Apr 3, 2025 | J148: 22-Dec-2025 | K148: 1 | L148: ₱1,470
A149: R148 | B149: FB | C149: FB-0421 | D149: carlo cortez | E149: carlo.cortez@example.net | F149: (0977) 555-6591 | G149: Legazpi City | H149: Albay | I149: Jun 9, 2023 | J149: 17-Aug-2023 | K149: 2 | L149: 2,220 | M149: yes
A150: R149 | B150: FB | C150: FB-0423 | D150: janelle velasco | E150: janelle.velasco@mail.example.com | F150: 0995 555 0519 | G150: Tabaco City | H150: Albay | I150: December 16 2025 | J150: 10-Sep-2026 | K150: 6 | L150: 5,460 | M150: yes
A151: R150 | B151: FB | C151: FB-0424 | D151: Clara Domingo | F151: (0945) 555-5892 | G151: iriga | H151: Camarines Sur | I151: Feb 28, 2024 | J151: 26-Aug-2026 | K151: 32 | L151: P41,790.00 | M151: No
A152: R151 | B152: FB | C152: FB-0426 | D152: liza cabrera | E152: liza.cabrera@example.com | F152: 09545550408 | G152: buhi | I152: September 25 2024 | J152: Jul 7, 2025 | K152: 6 | L152: P5,980.00 | M152: Yes
A153: R152 | B153: FB | C153: FB-0428 | D153: ursula aguilar | E153: Ursula.aguilar@example.net | F153: 09545555789 | G153: Naga City | H153: camarines sur | I153: 06-May-2024 | J153: March 19 2025 | K153: 15 | L153: 17,120 | M153: yes
A154: R153 | B154: FB | C154: FB-0432 | D154: wendy cortez | E154: wendy.cortez@example.com | F154: 09775559537 | G154: Virac | I154: March 12 2025 | J154: August 16 2025 | K154: 6 orders | L154: P9,880.00 | M154: yes
A155: R154 | B155: FB | C155: FB-0434 | D155: Teddy Torres | E155: ttorres44@example.com | F155: (0939) 555-5147 | G155: Virac | H155: Catanduanes | I155: July 10 2024 | J155: 01-Dec-2024 | K155: 1 | L155: P1,870.00 | M155: yes
A156: R155 | B156: FB | C156: FB-0438 | D156: wilma roxas | F156: 09985553127 | G156: Naga City | H156: Camarines Sur | I156: 24-Nov-2023 | J156: 24-Sep-2024 | K156: 5 orders | L156: 7,580 | M156: Yes
A157: R156 | B157: FB | C157: FB-0440 | D157: Oscar Cortez | E157: ocortez73@exmaple.net | F157: 939 555 5191 | G157: buhi | I157: 22-Nov-2024 | J157: October 25 2025 | K157: 6 orders | L157: ₱3,700 | M157: Yes
A158: R157 | B158: FB | C158: FB-0443 | D158: Cathy Domingo | E158: Cathy.domingo@example.com | F158: 0995 555 3099 | G158: Pili | H158: Cam Sur | I158: Mar 26, 2025 | J158: Aug 16, 2026 | K158: 3 | L158: ₱5,290 | M158: yes
A159: R158 | B159: FB | C159: FB-0446 | D159: wendy garcia | F159: 09275551010 | G159: daraga | H159: albay | I159: April 4 2024 | J159: Jun 5, 2026 | K159: 5 | L159: P5,200.00 | M159: Y
A160: R159 | B160: FB | C160: FB-0447 | D160: Aira Lacson | F160: 09985555918 | G160: NAGA CITY | I160: January 6 2024 | J160: December 14 2025 | K160: 2 | L160: ₱3,740 | M160: Y
A161: R160 | B161: FB | C161: FB-0450 | D161: dan cruz | E161: dcruz15@example.com | F161: 995 555 7400 | G161: TABACO | H161: Albay | I161: September 8 2024 | J161: Jun 8, 2026 | K161: 3 | L161: 2,540 | M161: yes
A162: R161 | B162: FB | C162: FB-0452 | D162: Nico Torres | E162: nico.torres@mail.example.com | F162: 977 555 0129 | G162: Naga city | I162: May 28 2023 | J162: 22-Aug-2025 | K162: 5 | L162: P6,910.00 | M162: N
A163: R162 | B163: FB | C163: FB-0455 | D163: Alvin Vergara | E163: alvin.vergara@mail.example.com | F163: 09615550464 | G163: Naga City | H163: Cam Sur | I163: January 17 2025 | J163: December 5 2025 | K163: 5 | L163: 3,470 | M163: No
A164: R163 | B164: FB | C164: FB-0458 | D164: Bea Torres | E164: bea.torres@example.net | F164: 945 555 3117 | G164: Sorsogon | H164: Sorsogon | I164: September 27 2026 | J164: September 27 2026 | K164: 1 order | L164: 1,650 | M164: no
A165: R164 | B165: FB | C165: FB-0460 | D165: Erika Yap | E165: erika.yap@exmaple.com | F165: 09955556049 | G165: daet | H165: Camarines Norte | I165: 31-Aug-2025 | J165: Dec 8, 2025 | K165: 3 | L165: ₱2,620
A166: R165 | B166: FB | C166: FB-0461 | D166: cedric agbayani | E166: cedric.agbayani@example.com | F166: 927 555 5498 | G166: NAGA | H166: Camarines Sur | I166: Dec 12, 2025 | J166: May 8, 2026 | K166: 6 | L166: ₱5,580 | M166: no
A167: R166 | B167: FB | C167: FB-0463 | D167: Lara Dimaculangan | E167: lara.dimaculangan@example.com | F167: 09205553100 | G167: Masbate City | H167: Masbate | I167: 28-Jan-2026 | J167: Apr 1, 2026 | K167: 2 | L167: ₱2,160 | M167: yes
A168: R167 | B168: FB | C168: FB-0465 | D168: Wendy Dimaculangan | E168: wendy.dimaculangan@example.com | F168: 0928 555 6822 | G168: naga city | I168: 28-Sep-2023 | J168: 14-Mar-2024 | K168: 3 | L168: 2,750 | M168: No
A169: R168 | B169: FB | C169: FB-0466 | D169: leo valdez | E169: Lvaldez94@example.org | F169: 0927 555 2161 | G169: buhi | H169: Camarines Sur | I169: 05-Jul-2025 | J169: Dec 19, 2025 | K169: 5 | L169: P5,490.00 | M169: No
A170: R169 | B170: FB | C170: FB-0470 | D170: Edwin Ilagan | E170: eilagan76@example.com | F170: (0977) 555-8984 | G170: NAGA | H170: CAM. SUR | I170: 09-Nov-2023 | J170: 31-Jul-2026 | K170: 7 | L170: P11,420.00 | M170: Y
A171: R170 | B171: FB | C171: FB-0471 | D171: Patrick Zamora | E171: patrick.zamora@example.com | F171: 918 555 5999 | G171: NAGA | H171: Camarines Sur | I171: Dec 2, 2024 | J171: Nov 9, 2025 | K171: 1 | L171: P1,390.00
A172: R171 | B172: FB | C172: FB-0473 | D172: pauline bernal | F172: 09285553589 | G172: SORSOGON CITY | I172: May 9 2024 | J172: 10-Jun-2026 | K172: 6 orders | L172: 9,950 | M172: N
A173: R172 | B173: FB | C173: FB-0477 | D173: edwin tolentino | F173: 995 555 6521 | G173: NAGA CITY | I173: Sep 12, 2023 | J173: Feb 5, 2026 | K173: 4 | L173: 4,230 | M173: Y
A174: R173 | B174: FB | C174: FB-0481 | D174: Zaldy Ubaldo | E174: zaldy.ubaldo@example.com | F174: 927 555 4239 | G174: Naga city | I174: 04-Sep-2026 | J174: September 5 2026 | K174: 1 | L174: P900.00 | M174: yes
A175: R174 | B175: FB | C175: FB-0485 | D175: Vic Rosales | E175: vic.rosales@example.com | F175: 09395554499 | G175: Daet | H175: camarines norte | I175: 02-Dec-2025 | J175: Apr 22, 2026 | K175: 8 | L175: ₱14,740 | M175: yes
A176: R175 | B176: FB | C176: FB-0487 | D176: Miguel Soriano | E176: miguel.soriano@example.com | F176: 0977 555 8871 | G176: buhi | H176: Camarines Sur | I176: Mar 28, 2025 | J176: Oct 18, 2025 | K176: 4 | L176: ₱6,380 | M176: N
A177: R176 | B177: FB | C177: FB-0491 | D177: cyril mendoza | E177: cyril.mendoza@example.com | F177: 09275558919 | G177: Pili | H177: Camarines Sur | I177: 16-Nov-2024 | J177: 08-Oct-2025 | K177: 1 order | L177: ₱1,650 | M177: Yes
A178: R177 | B178: FB | C178: FB-0494 | D178: tonette dimaculangan | E178: TONETTE.DIMACULANGAN@EXAMPLE.COM | F178: 920 555 1697 | G178: Naga | H178: Camarines Sur | I178: December 21 2024 | J178: August 11 2026 | K178: 33 | L178: 36,960 | M178: N
A179: R178 | B179: FB | C179: FB-0495 | D179: Rafael Rosales | E179: rafael.rosales@example.com | F179: 09455552236 | G179: Naga City | H179: Cam Sur | I179: July 13 2026 | J179: July 13 2026 | K179: 1 | L179: P890.00 | M179: yes
A180: R179 | B180: FB | C180: FB-0497 | D180: ramon galang | E180: ramon.galang@example.org | F180: (0998) 555-4430 | G180: Naga City | H180: Camarines Sur | I180: November 11 2024 | J180: May 27, 2025 | K180: 2 | L180: ₱2,870 | M180: Y
A181: R180 | B181: FB | C181: FB-0500 | D181: flor evangelista | E181: flor.evangelista@example.com | F181: 0918 555 6322 | G181: Naga City | H181: CamSur | I181: Jun 23, 2023 | J181: Aug 12, 2026 | K181: 33 orders | L181: 51,710 | M181: yes
A182: R181 | B182: FB | C182: FB-0502 | D182: Mia Tan | E182: mia.tan | F182: 961 555 1469 | G182: Legazpi City | H182: Albay | I182: August 5 2026 | J182: September 11 2026 | K182: 2 | L182: P3,400.00 | M182: Yes
A183: R182 | B183: FB | C183: FB-0506 | D183: Flor Evangelista | E183: flor.evangelista@example.com | F183: 09185556322 | G183: Naga City | H183: camarines sur | I183: Jun 23, 2023 | J183: August 12 2026 | K183: 33 | L183: ₱51,710 | M183: Y
A184: R183 | B184: FB | C184: FB-0510 | D184: Cedric Fernandez | E184: cedric.fernandez@example.com | F184: (0995) 555-6077 | G184: Daraga | H184: Albay | I184: 07-Feb-2024 | J184: Sep 12, 2025 | K184: 1 order | L184: P1,210.00 | M184: Y
A185: R184 | B185: FB | C185: FB-0511 | D185: hannah cortez | E185: hannah.cortez@example.com | F185: 918 555 7216 | G185: Buhi | H185: Camarines Sur | I185: 17-Jul-2023 | J185: Jul 17, 2023 | K185: 1 order | L185: ₱1,860 | M185: N
A186: R185 | B186: FB | C186: FB-0514 | D186: Cedric De Leon | E186: CEDRIC.DELEON@MAIL.EXAMPLE.COM | F186: (0919) 555-3704 | G186: LEGAZPI CITY | H186: Albay | I186: October 16 2024 | J186: February 19 2026 | K186: 5 | L186: 6,800 | M186: No
A187: R186 | B187: FB | C187: FB-0517 | D187: Sarah Soriano | E187: Sarah.soriano@example.net | F187: 0927 555 3394 | G187: NAGA CITY | I187: 10-May-2024 | J187: March 13 2025 | K187: 1 | L187: P980.00 | M187: Yes
A188: R187 | B188: FB | C188: FB-0520 | D188: liza rivera | E188: liza.rivera@example.com | F188: 0920 555 5838 | G188: Naga City | H188: Cam Sur | I188: August 12 2026 | J188: August 17 2026 | K188: 1 | L188: ₱1,440 | M188: Yes
A189: R188 | B189: FB | C189: FB-0521 | D189: queenie ilagan | E189: queenie.ilagan@example.com | F189: (0939) 555-9211 | G189: legaspi city | I189: Apr 22, 2024 | J189: November 8 2025 | K189: 2 | L189: 3,700 | M189: yes
A190: R189 | B190: FB | C190: FB-0523 | D190: Xander Briones | E190: xander.briones@example.com | F190: (0977) 555-3671 | G190: legaspi city | H190: Albay | I190: Sep 21, 2024 | J190: 25-Dec-2025 | K190: 3 | L190: ₱5,120 | M190: No
A191: R190 | B191: FB | C191: FB-0525 | D191: Mark Pascual | E191: MARK.PASCUAL@EXAMPLE.NET | F191: 09455556863 | G191: legaspi city | H191: Albay | I191: June 23 2025 | J191: 23-Jan-2026 | K191: 2 | L191: P2,870.00
A192: R191 | B192: FB | C192: FB-0526 | D192: Liza Vergara | E192: liza.vergara@example.org | F192: 917 555 8967 | G192: Daet | H192: camarines norte | I192: 02-Aug-2025 | J192: November 29 2025 | K192: 1 order | L192: 1,850 | M192: N
A193: R192 | B193: POS | C193: POS-1182 | D193: OSCAR QUIAMBAO | E193: oscar.quiambao@example.nte | F193: 09285555585 | G193: TABACO | H193: Albay | I193: 02/11/2024 | J193: 26/02/2026 | K193: 2 | L193: PHP 3,070 | M193: 1
A194: R193 | B194: POS | C194: POS-1183 | D194: Flor Katigbak | E194: FLOR.KATIGBAK@EXAMPLE.COM | F194: 09455555461 | G194: Daraga | H194: Albay | I194: 26/02/2025 | J194: 28/06/2026 | K194: 9 | L194: 8030 | M194: Y
A195: R194 | B195: POS | C195: POS-1187 | D195: Flor Rosales | E195: flor.rosales@example.net | F195: 09615551499 | G195: daet | H195: Camarines Norte | I195: 13/10/2025 | J195: 13/09/2026 | K195: 18 | L195: PHP 28,240 | M195: Y
A196: R195 | B196: POS | C196: POS-1189 | D196: ZALDY KATIGBAK | E196: zaldy.katigbak@example.net | F196: 639395553566 | G196: Daraga | H196: Albay | I196: 08/12/2025 | J196: 09/08/2026 | K196: 10 | L196: PHP 14,400 | M196: 1
A197: R196 | B197: POS | C197: POS-1193 | D197: SAM BELMONTE | E197: sam.belmonte@example.org | F197: 639455554298 | G197: Daet | H197: Cam Norte | I197: 01/09/2026 | J197: 01/09/2026 | K197: 2 | L197: PHP 1,240 | M197: 0
...

Sheet Change Log
A1: # | B1: Raw Row | C1: Source Ref | D1: Field | E1: Before (as received) | F1: After (clean) | G1: Rule Applied
A2: 1 | B2: R001 | C2: WEB-20413 | D2: Full name | E2: Cathy Villanueva | F2: Cathy Villanueva | G2: Extra spaces removed, proper case
A3: 2 | B3: R001 | C3: WEB-20413 | D3: Mobile | E3: 09195559670 | F3: +63 919 555 9670 | G3: One format: +63 9XX XXX XXXX
A4: 3 | B4: R001 | C4: WEB-20413 | D4: City | E4: IRIGA CITY | F4: Iriga City | G4: One spelling per city
A5: 4 | B5: R001 | C5: WEB-20413 | D5: First order | E5: 2024-03-06 | F5: Mar 6, 2024 | G5: Text changed to a real date
A6: 5 | B6: R001 | C6: WEB-20413 | D6: Last order | E6: 2026-07-18 | F6: Jul 18, 2026 | G6: Text changed to a real date
A7: 6 | B7: R001 | C7: WEB-20413 | D7: Total spent | E7: 4350.00 | F7: 4350 | G7: Currency text changed to a number
A8: 7 | B8: R001 | C8: WEB-20413 | D8: Consent | E8: TRUE | F8: Yes | G8: Yes or No only
A9: 8 | B9: R002 | C9: WEB-20415 | D9: Mobile | E9: 09545551403 | F9: +63 954 555 1403 | G9: One format: +63 9XX XXX XXXX
A10: 9 | B10: R002 | C10: WEB-20415 | D10: First order | E10: 2023-09-14 | F10: Sep 14, 2023 | G10: Text changed to a real date
A11: 10 | B11: R002 | C11: WEB-20415 | D11: Last order | E11: 2026-09-21 | F11: Sep 21, 2026 | G11: Text changed to a real date
A12: 11 | B12: R002 | C12: WEB-20415 | D12: Total spent | E12: 28050.00 | F12: 28050 | G12: Currency text changed to a number
A13: 12 | B13: R002 | C13: WEB-20415 | D13: Consent | E13: TRUE | F13: Yes | G13: Yes or No only
... A1657: 1656 | B1657: R268 | C1657: POS-1372 | D1657: Consent | E1657: Y | F1657: Yes | G1657: Yes or No only

Sheet Duplicate Log
A1: Kept as | B1: Customer | C1: Raw Rows Matched | D1: Source Refs | E1: Rows | F1: Match Rule | G1: Decision
A2: BHG-10010 | B2: Jomar Cruz | C2: R005, R201 | D2: WEB-20422, POS-1204 | E2: 2 | F2: Same name and city | G2: Merged: orders and spend added, earliest first order, latest last order
A3: BHG-10054 | B3: Miguel Cruz | C3: R006, R137 | D3: WEB-20423, FB-0392 | E3: 2 | F3: Same email | G3: Merged: orders and spend added, earliest first order, latest last order
A4: BHG-10067 | B4: Tess Manalo | C4: R007, R131 | D4: WEB-20425, FB-0377 | E4: 2 | F4: Same email | G4: Merged: orders and spend added, earliest first order, latest last order
A5: BHG-10015 | B5: Pauline Cruz | C5: R009, R039 | D5: WEB-20433, WEB-20516 | E5: 2 | F5: Same email | G5: Kept once (same row exported twice)
A6: BHG-10147 | B6: Leo Valdez | C6: R011, R168 | D6: WEB-20438, FB-0466 | E6: 2 | F6: Same email | G6: Merged: orders and spend added, earliest first order, latest last order
A7: BHG-10011 | B7: Cedric Fernandez | C7: R015, R183, R245 | D7: WEB-20449, FB-0510, POS-1313 | E7: 3 | F7: Same email | G7: Merged: orders and spend added, earliest first order, latest last order
A8: BHG-10096 | B8: Sarah Soriano | C8: R017, R186 | D8: WEB-20457, FB-0517 | E8: 2 | F8: Same email | G8: Merged: orders and spend added, earliest first order, latest last order
A9: BHG-10154 | B9: Zaldy Ordonez | C9: R020, R108 | D9: WEB-20466, WEB-20692 | E9: 2 | F9: Same email | G9: Kept once (same row exported twice)
A10: BHG-10137 | B10: Wendy Cortez | C10: R021, R153, R231 | D10: WEB-20470, FB-0432, POS-1283 | E10: 3 | F10: Same email | G10: Merged: orders and spend added, earliest first order, latest last order
A11: BHG-10075 | B11: Teddy Torres | C11: R026, R154 | D11: WEB-20484, FB-0434 | E11: 2 | F11: Same email | G11: Merged: orders and spend added, earliest first order, latest last order
A12: BHG-10077 | B12: Kristine Castillo | C12: R027, R253 | D12: WEB-20485, POS-1336 | E12: 2 | F12: Same mobile number | G12: Merged: orders and spend added, earliest first order, latest last order
A13: BHG-10093 | B13: Ursula Aguilar | C13: R030, R152 | D13: WEB-20494, FB-0428 | E13: 2 | F13: Same email | G13: Merged: orders and spend added, earliest first order, latest last order
... A54: BHG-10191 | B54: Wendy Obsuna | C54: R238, R260 | D54: POS-1297, POS-1351 | E54: 2 | F54: Same email | G54: Kept once (same row exported twice)

Sheet Follow-up Queue
A1: # | B1: Customer ID | C1: Customer | D1: Segment | E1: Missing | F1: Reach Them At | G1: Next Action | H1: Owner | I1: Due | J1: Status | K1: Notes
A2: 1 | B2: BHG-10001 | C2: Fritz Francisco | D2: Lapsed | E2: Consent | F2: +63 961 555 3755 | G2: Ask if they want promos by email and SMS; record Yes or No | H2: Rose | I2: =WORKDAY(AsOfDate,IF(D2="VIP",2,IF(D2="Regular",3,5))) -> 46302 | J2: Open
A3: 2 | B3: BHG-10007 | C3: Aira Pascual | D3: At risk | E3: Mobile | F3: aira.pascual@example.com | G3: Ask for a mobile number by email | H3: Rose | I3: =WORKDAY(AsOfDate,IF(D3="VIP",2,IF(D3="Regular",3,5))) -> 46302 | J3: Open
A4: 3 | B4: BHG-10019 | C4: Ronald Nolasco | D4: VIP | E4: Email | F4: +63 961 555 8956 | G4: Ask for an email address at the next order or by SMS | H4: Rose | I4: =WORKDAY(AsOfDate,IF(D4="VIP",2,IF(D4="Regular",3,5))) -> 46297 | J4: Open
A5: 4 | B5: BHG-10023 | C5: Ivan Navarro | D5: At risk | E5: Consent | F5: +63 918 555 8417 | G5: Ask if they want promos by email and SMS; record Yes or No | H5: Rose | I5: =WORKDAY(AsOfDate,IF(D5="VIP",2,IF(D5="Regular",3,5))) -> 46302 | J5: Open
A6: 5 | B6: BHG-10029 | C6: Edwin Tolentino | D6: At risk | E6: Email | F6: +63 995 555 6521 | G6: Ask for an email address at the next order or by SMS | H6: Rose | I6: =WORKDAY(AsOfDate,IF(D6="VIP",2,IF(D6="Regular",3,5))) -> 46302 | J6: Open
A7: 6 | B7: BHG-10045 | C7: Wilma Roxas | D7: Lapsed | E7: Email | F7: +63 998 555 3127 | G7: Ask for an email address at the next order or by SMS | H7: Rose | I7: =WORKDAY(AsOfDate,IF(D7="VIP",2,IF(D7="Regular",3,5))) -> 46302 | J7: Open
A8: 7 | B8: BHG-10052 | C8: Tess Soriano | D8: At risk | E8: Email | F8: +63 954 555 2665 | G8: Ask for an email address at the next order or by SMS | H8: Rose | I8: =WORKDAY(AsOfDate,IF(D8="VIP",2,IF(D8="Regular",3,5))) -> 46302 | J8: Open
A9: 8 | B9: BHG-10055 | C9: Rica Panganiban | D9: At risk | E9: Email | F9: +63 928 555 3569 | G9: Ask for an email address at the next order or by SMS | H9: Rose | I9: =WORKDAY(AsOfDate,IF(D9="VIP",2,IF(D9="Regular",3,5))) -> 46302 | J9: Open
A10: 9 | B10: BHG-10056 | C10: Aira Lacson | D10: At risk | E10: Email | F10: +63 998 555 5918 | G10: Ask for an email address at the next order or by SMS | H10: Rose | I10: =WORKDAY(AsOfDate,IF(D10="VIP",2,IF(D10="Regular",3,5))) -> 46302 | J10: Open
A11: 10 | B11: BHG-10070 | C11: Clara Domingo | D11: VIP | E11: Email | F11: +63 945 555 5892 | G11: Ask for an email address at the next order or by SMS | H11: Rose | I11: =WORKDAY(AsOfDate,IF(D11="VIP",2,IF(D11="Regular",3,5))) -> 46297 | J11: Open
A12: 11 | B12: BHG-10082 | C12: Wendy Garcia | D12: Regular | E12: Email | F12: +63 927 555 1010 | G12: Ask for an email address at the next order or by SMS | H12: Rose | I12: =WORKDAY(AsOfDate,IF(D12="VIP",2,IF(D12="Regular",3,5))) -> 46300 | J12: Open
A13: 12 | B13: BHG-10095 | C13: Pauline Bernal | D13: Regular | E13: Email | F13: +63 928 555 3589 | G13: Ask for an email address at the next order or by SMS | H13: Rose | I13: =WORKDAY(AsOfDate,IF(D13="VIP",2,IF(D13="Regular",3,5))) -> 46300 | J13: Open
... A22: 21 | B22: BHG-10189 | C22: Mia Tan | D22: New | E22: Email | F22: +63 961 555 1469 | G22: Ask for an email address at the next order or by SMS | H22: Rose | I22: =WORKDAY(AsOfDate,IF(D22="VIP",2,IF(D22="Regular",3,5))) -> 46302 | J22: Open
B24: Due dates are set by segment: VIP in 2 working days, Regular in 3, everyone else in 5. Change Status to Done when the detail is added to Customer Master.

Sheet Data Quality
B2: Data Quality Scorecard
B3: Four standard checks, measured on the raw file at intake and live on the clean Customer Master.
B5: Check | C5: What it measures | D5: Raw file (intake) | E5: Clean list (live) | F5: Change
B6: Completeness | C6: Required fields that are filled in (name, email, mobile, city, province, dates, orders, spend, consent) | D6: 0.978 | E6: =COUNTA('Customer Master'!B2:B207,'Customer Master'!D2:G207,'Customer Master'!I2:L207,'Customer Master'!N2:N207)/(COUNTA('Customer Master'!A2:A207)*10) -> 0.98980583 | F6: =E6-D6 -> 0.011805825
B7: Validity | C7: Values in a usable form: real email address, mobile in one pattern, real dates, numbers stored as numbers | D7: 0.3427 | E7: =(COUNTIF('Customer Master'!Q2:Q207,"Valid")+COUNTIF('Customer Master'!R2:R207,"Valid")+COUNT('Customer Master'!I2:L207))/(COUNTA('Customer Master'!D2:E207)+COUNTA('Customer Master'!A2:A207)*4) -> 1 | F7: =E7-D7 -> 0.6573
B8: Consistency | C8: One spelling per value: names in proper case, cities and provinces from the approved list, consent as Yes or No | D8: 0.4142 | E8: =(SUMPRODUCT(COUNTIF(CityList,'Customer Master'!F2:F207))+SUMPRODUCT(COUNTIF(ProvinceList,'Customer Master'!G2:G207))+COUNTIF('Customer Master'!N2:N207,"Yes")+COUNTIF('Customer Master'!N2:N207,"No"))/(COUNTA('Customer Master'!F2:G207)+COUNTA('Customer Master'!N2:N207)) -> 1 | F8: =E8-D8 -> 0.5858
B9: Uniqueness | C9: Each customer appears once (no repeated email or mobile number) | D9: 0.7687 | E9: =1-(COUNTIF('Customer Master'!Q2:Q207,"Duplicate")+COUNTIF('Customer Master'!R2:R207,"Duplicate"))/COUNTA('Customer Master'!A2:A207) -> 1 | F9: =E9-D9 -> 0.2313
B10: Overall score | C10: Average of the four checks | D10: =AVERAGE(D6:D9) -> 0.6259 | E10: =AVERAGE(E6:E9) -> 0.99745146 | F10: =E10-D10 -> 0.37155146
B11: Raw file scores were measured once on the combined export (268 rows). Clean list scores are formulas and change as the list is edited.
B13: Fixes by field
B14: Field | C14: Most common problem | D14: Fixes | E14: Share of fixes
B15: First order | C15: Dates typed as text in four different styles | D15: =COUNTIF('Change Log'!D:D,B15) -> 245 | E15: =D15/$D$25 -> 0.14794686
B16: Last order | C16: Dates typed as text in four different styles | D16: =COUNTIF('Change Log'!D:D,B16) -> 239 | E16: =D16/$D$25 -> 0.14432367
B17: Consent | C17: TRUE, Y, 1, yes or blank instead of Yes or No | D17: =COUNTIF('Change Log'!D:D,B17) -> 239 | E17: =D17/$D$25 -> 0.14432367
B18: Total spent | C18: Peso signs, commas and decimals stored as text | D18: =COUNTIF('Change Log'!D:D,B18) -> 233 | E18: =D18/$D$25 -> 0.14070048
B19: Mobile | C19: Eight different phone formats | D19: =COUNTIF('Change Log'!D:D,B19) -> 229 | E19: =D19/$D$25 -> 0.13828502
B20: City | C20: Short names and caps (Naga, NAGA CITY, Legaspi) | D20: =COUNTIF('Change Log'!D:D,B20) -> 155 | E20: =D20/$D$25 -> 0.093599034
B21: Province | C21: Abbreviations (Cam Sur) or left blank | D21: =COUNTIF('Change Log'!D:D,B21) -> 128 | E21: =D21/$D$25 -> 0.077294686
B22: Full name | C22: All caps, all lowercase, extra spaces | D22: =COUNTIF('Change Log'!D:D,B22) -> 95 | E22: =D22/$D$25 -> 0.05736715
B23: Email | C23: Capitals, stray spaces and domain typos | D23: =COUNTIF('Change Log'!D:D,B23) -> 70 | E23: =D23/$D$25 -> 0.042270531
B24: Orders | C24: Text like "4 orders" instead of a number | D24: =COUNTIF('Change Log'!D:D,B24) -> 23 | E24: =D24/$D$25 -> 0.013888889
B25: Total changes logged | D25: =SUM(D15:D24) -> 1656

Sheet Data Dictionary
B2: Data Dictionary
B3: What each Customer Master column means and the rule that keeps it clean.
B5: Column | C5: Type | D5: Required | E5: Format or rule | F5: Example
B6: Customer ID | C6: Text | D6: Yes | E6: BHG- plus 5 digits. Given once, never reused. Oldest customer has the lowest number. | F6: BHG-10001
B7: First Name / Last Name | C7: Text | D7: Yes | E7: Proper case, single spaces. Last names keep particles (Dela Cruz, De Leon). | F7: Ramon / Dela Cruz
B8: Email | C8: Text | D8: Yes | E8: Lowercase, no spaces, one @. Must be unique. | F8: ana.santos@example.com
B9: Mobile | C9: Text | D9: Yes | E9: +63 9XX XXX XXXX. Must be unique. | F9: +63 917 555 0101
B10: City | C10: List | D10: Yes | E10: Pick from Lists > City. | F10: Naga City
B11: Province | C11: List | D11: Yes | E11: Full name from Lists > Province. | F11: Camarines Sur
B12: Sources | C12: Text | D12: Yes | E12: Where the customer was found: WEB, FB, POS. Joined with + when merged. | F12: WEB + POS
B13: First Order / Last Order | C13: Date | D13: Yes | E13: Real Excel dates, shown as mmm d, yyyy. Not later than the report date. | F13: Mar 11, 2025
B14: Orders | C14: Whole number | D14: Yes | E14: 0 or more. Total across all sources. | F14: 12
B15: Total Spent | C15: Number (PHP) | D15: Yes | E15: 0 or more, no peso sign typed. Shown with ₱ by format. | F15: ₱14,250
B16: Avg Order | C16: Formula | D16: Auto | E16: Total Spent divided by Orders. | F16: ₱1,188
... B22: Raw Rows | C22: Text | D22: Auto | E22: Raw Combined rows this customer came from, for tracing. | F22: R014, R171

Sheet Lists
B2: Lists
B3: Approved values for the dropdowns. Add a new city here first, then it appears in the dropdown.
B5: City | C5: Province | D5: Consent | E5: Follow-up status | F5: Owner | G5: Segment | H5: Source | J5: Source codes
B6: Buhi | C6: Albay | D6: Yes | E6: Open | F6: Rose | G6: VIP | H6: WEB | J6: WEB | K6: Online store export
B7: Daet | C7: Camarines Norte | D7: No | E7: Contacted | F7: Store staff | G7: Regular | H7: FB | J7: FB | K7: Facebook Page orders sheet
B8: Daraga | C8: Camarines Sur | E8: Done | F8: Owner | G8: New | H8: POS | J8: POS | K8: In-store loyalty sign-ups
B9: Iriga City | C9: Catanduanes | G9: At risk
B10: Legazpi City | C10: Masbate | G10: Lapsed
B11: Masbate City | C11: Sorsogon
B12: Naga City
B13: Pili
B14: Sorsogon City
B15: Tabaco City
B16: Virac
