Workbook

Sheet Summary
B1: September 2026 Operations Summary
B2: Alder & Finch Co. (fictional sample). Every number on this sheet is a formula.
B4: Metric | C4: September | D4: August | E4: Change
B5: Orders fulfilled | C5: =Monthly!C10 -> 4812 | D5: =Monthly!C9 -> 4523 | E5: =IFERROR(C5/D5-1,0) -> 0.063895644
B6: On-time delivery | C6: =Monthly!E10 -> 0.96041604 | D6: =Monthly!E9 -> 0.949 | E6: =C6-D6 -> 0.011416043
B7: Avg. fulfillment time (days) | C7: =Monthly!F10 -> 1.8 | D7: =Monthly!F9 -> 2.1 | E7: =C7-D7 -> -0.3
B8: Revenue (PHP) | C8: =Monthly!G10 -> 18400000 | D8: =Monthly!G9 -> 17540000 | E8: =IFERROR(C8/D8-1,0) -> 0.049030787
B9: Support tickets | C9: ='Tickets Sep'!C9 -> 1126
B11: On-time change is in percentage points. A negative change in fulfillment time is an improvement.

Sheet Monthly
B1: Monthly results, April to September 2026
B2: Source: Alder & Finch order system export (fictional sample data). Blue text = raw data.
B4: Month | C4: Orders fulfilled | D4: Change vs prior | E4: On-time delivery | F4: Avg. fulfillment (days) | G4: Revenue (PHP)
B5: Apr 2026 | C5: 4120 | E5: 0.938 | F5: 2.3 | G5: 15900000
B6: May 2026 | C6: 4305 | D6: =IFERROR(C6/C5-1,"") -> 0.044902913 | E6: 0.942 | F6: 2.2 | G6: 16500000
B7: Jun 2026 | C7: 4190 | D7: =IFERROR(C7/C6-1,"") -> -0.026713124 | E7: 0.94 | F7: 2.2 | G7: 16200000
B8: Jul 2026 | C8: 4466 | D8: =IFERROR(C8/C7-1,"") -> 0.065871122 | E8: 0.946 | F8: 2.1 | G8: 17100000
B9: Aug 2026 | C9: 4523 | D9: =IFERROR(C9/C8-1,"") -> 0.012763099 | E9: 0.949 | F9: 2.1 | G9: 17540000
B10: Sep 2026 | C10: ='Regions Sep'!C9 -> 4812 | D10: =IFERROR(C10/C9-1,"") -> 0.063895644 | E10: ='Regions Sep'!E9 -> 0.96041604 | F10: 1.8 | G10: ='Regions Sep'!F9 -> 18400000
B12: September values come from the Regions Sep sheet, so they update when regional data changes.

Sheet Regions Sep
B1: Results by region, September 2026
B2: Blue text = raw data from the order system. Share and totals are formulas.
B4: Region | C4: Orders | D4: Share | E4: On-time delivery | F4: Revenue (PHP)
B5: Metro Manila | C5: 2146 | D5: =IFERROR(C5/$C$9,0) -> 0.44596841 | E5: 0.971 | F5: 8300000
B6: Central Luzon | C6: 1012 | D6: =IFERROR(C6/$C$9,0) -> 0.21030756 | E6: 0.958 | F6: 3900000
B7: Visayas | C7: 894 | D7: =IFERROR(C7/$C$9,0) -> 0.18578554 | E7: 0.95 | F7: 3400000
B8: Mindanao | C8: 760 | D8: =IFERROR(C8/$C$9,0) -> 0.15793849 | E8: 0.946 | F8: 2800000
B9: Total | C9: =SUM(C5:C8) -> 4812 | D9: =SUM(D5:D8) -> 1 | E9: =IFERROR(SUMPRODUCT(C5:C8,E5:E8)/C9,0) -> 0.96041604 | F9: =SUM(F5:F8) -> 18400000
B11: Total on-time delivery is weighted by orders (SUMPRODUCT), not a simple average of the four regions.

Sheet Tickets Sep
B1: Support tickets by topic, September 2026
B2: Blue text = ticket counts from the help desk export.
B4: Topic | C4: Tickets | D4: Share
B5: Delivery status | C5: 473 | D5: =IFERROR(C5/$C$9,0) -> 0.42007105
B6: Returns and exchanges | C6: 259 | D6: =IFERROR(C6/$C$9,0) -> 0.23001776
B7: Billing | C7: 203 | D7: =IFERROR(C7/$C$9,0) -> 0.18028419
B8: Product questions | C8: 191 | D8: =IFERROR(C8/$C$9,0) -> 0.169627
B9: Total | C9: =SUM(C5:C8) -> 1126 | D9: =SUM(D5:D8) -> 1
B11: Answered within 24 hours | C11: 0.98
