Workbook

Sheet Trip Summary
B1: Regional Distributors Summit, Singapore
B2: Alder & Finch Co. travel plan for the Managing Director (fictional sample)
B4: Trip details
B5: Traveler | C5: Managing Director
B6: Purpose | C6: Panel speaker and partner meetings
B7: Route | C7: Manila (MNL) to Singapore (SIN) and back
B8: Dates | C8: Oct 14 to 17, 2026
B9: Time zone | C9: Same as Manila (UTC+8)
B11: Budget | C11: PHP
B12: Approved budget | C12: 80000
B13: Total committed | C13: =Bookings!I13 -> 72390
B14: Remaining | C14: =C12-C13 -> 7610
B15: Budget used | C15: =IFERROR(C13/C12,0) -> 0.904875
B18: Cost by category | C18: PHP | D18: Share
B19: Flights | C19: =SUMIFS(Bookings!$I$5:$I$12,Bookings!$C$5:$C$12,B19) -> 18640 | D19: =IFERROR(C19/$C$13,0) -> 0.25749413
B20: Hotel | C20: =SUMIFS(Bookings!$I$5:$I$12,Bookings!$C$5:$C$12,B20) -> 27900 | D20: =IFERROR(C20/$C$13,0) -> 0.38541235
B21: Ground transport | C21: =SUMIFS(Bookings!$I$5:$I$12,Bookings!$C$5:$C$12,B21) -> 3200 | D21: =IFERROR(C21/$C$13,0) -> 0.044205001
B22: Event | C22: =SUMIFS(Bookings!$I$5:$I$12,Bookings!$C$5:$C$12,B22) -> 9500 | D22: =IFERROR(C22/$C$13,0) -> 0.1312336
B23: Insurance | C23: =SUMIFS(Bookings!$I$5:$I$12,Bookings!$C$5:$C$12,B23) -> 1150 | D23: =IFERROR(C23/$C$13,0) -> 0.015886172
B24: Per diem | C24: =SUMIFS(Bookings!$I$5:$I$12,Bookings!$C$5:$C$12,B24) -> 12000 | D24: =IFERROR(C24/$C$13,0) -> 0.16576875
B25: Meals | C25: =SUMIFS(Bookings!$I$5:$I$12,Bookings!$C$5:$C$12,B25) -> 0 | D25: =IFERROR(C25/$C$13,0) -> 0
B28: Booking status | C28: Items
B29: Confirmed | C29: =COUNTIFS(Bookings!$H$5:$H$12,B29) -> 5
B30: Paid | C30: =COUNTIFS(Bookings!$H$5:$H$12,B30) -> 2
B31: Pending | C31: =COUNTIFS(Bookings!$H$5:$H$12,B31) -> 1
B32: Cancelled | C32: =COUNTIFS(Bookings!$H$5:$H$12,B32) -> 0
B34: Checklist progress
B35: Tasks done | C35: =IFERROR(COUNTIFS(Checklist!$D$5:$D$20,"Yes")/COUNTA(Checklist!$B$5:$B$20),0) -> 0.66666667

Sheet Itinerary
B1: Day-by-day itinerary
B2: Times are local. Manila and Singapore share the same time zone.
B4: Day | C4: Date | D4: Time | E4: Activity | F4: Details | G4: Type
B5: Day 1 | C5: 46309 | D5: 5:30 AM | E5: Car pickup from home | F5: CityLink Cars, driver texts on arrival | G5: Transport
B6: Day 1 | C6: 46309 | D6: 8:05 AM | E6: Flight CA 511, Manila to Singapore | F6: Seat 3A, lands 11:50 AM | G6: Flight
B7: Day 1 | C7: 46309 | D7: 12:30 PM | E7: Transfer to hotel | F7: Meet driver at arrival hall, door 5 | G7: Transport
B8: Day 1 | C8: 46309 | D8: 3:00 PM | E8: Check in: The Marlow, Marina Bay | F8: Early check-in requested | G8: Hotel
B9: Day 1 | C9: 46309 | D9: 7:00 PM | E9: Welcome dinner with regional partners | F9: Juniper & Salt, table for 6 | G9: Meeting
B10: Day 2 | C10: 46310 | D10: 8:30 AM | E10: Registration and badge pickup | F10: Harbourfront Convention Hall, QR code in email | G10: Event
B11: Day 2 | C11: 46310 | D11: 9:30 AM | E11: Opening keynote | F11: Main hall | G11: Event
B12: Day 2 | C12: 46310 | D12: 2:00 PM | E12: Panel: last-mile delivery in island markets | F12: Speaker check-in 1:30 PM | G12: Event
B13: Day 2 | C13: 46310 | D13: 7:00 PM | E13: Networking reception | F13: Terrace level, smart casual | G13: Event
B14: Day 3 | C14: 46311 | D14: 9:00 AM | E14: Partner meetings, 3 x 45 min | F14: Meeting Room 4B, briefing notes attached | G14: Meeting
B15: Day 3 | C15: 46311 | D15: 1:00 PM | E15: Lunch with Sunward Distribution | F15: Hotel restaurant | G15: Meeting
B16: Day 3 | C16: 46311 | D16: 3:30 PM | E16: Open time | F16: No bookings | G16: Free
... B20: Day 4 | C20: 46312 | D20: 10:15 PM | E20: Car from airport to home | F20: CityLink Cars | G20: Transport

Sheet Bookings
B1: Booking tracker
B2: Every booking, confirmation and cost in one place. Blue text = typed-in data.
B4: Item | C4: Category | D4: Provider | E4: Start | F4: End | G4: Confirmation | H4: Status | I4: Cost (PHP) | J4: Notes
B5: Flight, outbound CA 511 | C5: Flights | D5: Coral Air | E5: 46309 | F5: 46309 | G5: CA7Q2M | H5: Confirmed | I5: 9320 | J5: Seat 3A, 1 checked bag
B6: Flight, return CA 518 | C6: Flights | D6: Coral Air | E6: 46312 | F6: 46312 | G6: CA7Q2M | H6: Confirmed | I6: 9320 | J6: Seat 3A
B7: Hotel, 3 nights | C7: Hotel | D7: The Marlow, Marina Bay | E7: 46309 | F7: 46312 | G7: MRL-448192 | H7: Confirmed | I7: 27900 | J7: Early check-in and late check-out requested
B8: Airport transfers | C8: Ground transport | D8: CityLink Cars | E8: 46309 | F8: 46312 | G8: CL-20931 | H8: Confirmed | I8: 3200 | J8: 4 legs: home, airport, hotel
B9: Summit registration | C9: Event | D9: Regional Distributors Summit | E9: 46310 | F9: 46311 | G9: RDS-1187 | H9: Paid | I9: 9500 | J9: Speaker pass
B10: Travel insurance | C10: Insurance | D10: Anchor Travel Cover | E10: 46309 | F10: 46312 | G10: ATC-55120 | H10: Paid | I10: 1150 | J10: Policy PDF in travel folder
B11: Per diem, 3 days | C11: Per diem | D11: Finance | E11: 46307 | H11: Pending | I11: 12000 | J11: Cash release on Oct 12
B12: Welcome dinner | C12: Meals | D12: Juniper & Salt | E12: 46309 | F12: 46309 | G12: JS-0714 | H12: Confirmed | I12: 0 | J12: Hosted by partner, no cost
B13: Total committed | I13: =SUM(I5:I12) -> 72390

Sheet Checklist
B1: Before you go
B2: Change Done to Yes as each task is finished. Progress shows on the Trip Summary.
B4: Task | C4: Due | D4: Done
B5: Passport valid for more than 6 months | C5: 46296 | D5: Yes
B6: Boarding passes saved to phone | C6: 46308 | D6: Yes
B7: Panel slides sent to the organizer | C7: 46304 | D7: Yes
B8: Mobile roaming turned on | C8: 46308 | D8: Yes
B9: SG Arrival Card submitted (opens Oct 11) | C9: 46307 | D9: No
B10: Per diem received from Finance | C10: 46307 | D10: No
